No Partido,Fecha y Hora,Match,Local,Visitante,Resultado,Marcador No Definitivo,Estadio,Goles Local,Goles Visitante
1,13 July 1930,Group 1,France,Mexico,4-1 (3-0),(3-0),"Estadio Pocitos, Montevideo","L. Laurent 19' Langiller 40' Maschinot 43', 87'",Carreño 70'
5,15 July 1930,Group 1,Argentina,France,1-0 (0-0),(0-0),"Estadio Parque Central, Montevideo",Monti 81',
6,16 July 1930,Group 1,Chile,Mexico,3-0 (1-0),(1-0),"Estadio Parque Central, Montevideo","Vidal 3', 65' M. Rosas 51' (o.g.)",
10,19 July 1930,Group 1,Chile,France,1-0 (0-0),(0-0),"Estadio Centenario, Montevideo",Subiabre 65',
11,19 July 1930,Group 1,Argentina,Mexico,6-3 (3-1),(3-1),"Estadio Centenario, Montevideo","Stábile 8', 17', 80' Zumelzú 12', 55' Varallo 53'","M. Rosas 42' (pen.), 65' Gayón 75'"
15,22 July 1930,Group 1,Argentina,Chile,3-1 (2-1),(2-1),"Estadio Centenario, Montevideo","Stábile 12', 13'  M. Evaristo 81'",Subiabre 15'
3,14 July 1930,Group 2,Yugoslavia,Brazil,2-1 (2-0),(2-0),"Estadio Parque Central, Montevideo",Tirnanić 21' Bek 30',Preguinho 62'
7,17 July 1930,Group 2,Yugoslavia,Bolivia,4-0 (0-0),(0-0),"Estadio Parque Central, Montevideo","Bek 60', 67' Marjanović 65' Vujadinović 85'",
12,20 July 1930,Group 2,Brazil,Bolivia,4-0 (1-0),(1-0),"Estadio Centenario, Montevideo","Moderato 37', 73' Preguinho 57', 83'",
4,14 July 1930,Group 3,Romania,Peru,3-1 (1-0),(1-0),"Estadio Pocitos, Montevideo",Deşu 1' Stanciu 79' Kovács 89',Souza Ferreira 75'
9,18 July 1930,Group 3,Uruguay,Peru,1-0 (0-0),(0-0),"Estadio Centenario, Montevideo",Castro 60',
14,21 July 1930,Group 3,Uruguay,Romania,4-0 (4-0),(4-0),"Estadio Centenario, Montevideo",Dorado 7' Scarone 24' Anselmo 30' Cea 35',
2,13 July 1930,Group 4,United States,Belgium,3-0 (2-0),(2-0),"Estadio Parque Central, Montevideo",McGhee 23' Florie 45' Patenaude 69',
8,17 July 1930,Group 4,United States,Paraguay,3-0 (2-0),(2-0),"Estadio Parque Central, Montevideo","Patenaude 10', 15', 50'",
13,20 July 1930,Group 4,Paraguay,Belgium,1-0 (1-0),(1-0),"Estadio Centenario, Montevideo",Vargas Peña 40',
16,26 July 1930,Semi finals,Argentina,United States,6-1 (1-0),(1-0),"Estadio Centenario, Montevideo","Monti 20' Scopelli 56' Stábile 69', 87' Peucelle 80', 85'",Brown 89'
17,27 July 1930,Semi finals,Uruguay,Yugoslavia,6-1 (3-1),(3-1),"Estadio Centenario, Montevideo","Cea 18', 67', 72' Anselmo 20', 31' Iriarte 61'",Vujadinović 4'
18,30 July 1930,Final,Uruguay,Argentina,4-2 (1-2),(1-2),"Estadio Centenario, Montevideo",Dorado 12' Cea 57' Iriarte 68' Castro 89',Peucelle 20' Stábile 37'
1,27 May 1934,Preliminary round,Sweden,Argentina,3-2 (1-1),(1-1),"Stadio Littoriale, Bologna","Jonasson 9', 67' Kroon 79'",Belis 4' Galateo 48'
2,27 May 1934,Preliminary round,Austria,France,"3-2 a.e.t. (1-1, 1-1)","(1-1, 1-1)","Stadio Benito Mussolini, Turin",Sindelar 44' Schall 93' Bican 109',Nicolas 18' Verriest 116' (pen.)
3,27 May 1934,Preliminary round,Germany,Belgium,5-2 (1-2),(1-2),"Stadio Giovanni Berta, Florence","Kobierski 25' Siffling 49' Conen 66', 70', 87'","Voorhoof 29', 43'"
4,27 May 1934,Preliminary round,Spain,Brazil,3-1 (3-0),(3-0),"Stadio Luigi Ferraris, Genoa","Iraragorri 18' (pen.), 25' Lángara 29'",Leônidas 55'
5,27 May 1934,Preliminary round,Hungary,Egypt,4-2 (2-2),(2-2),"Stadio Giorgio Ascarelli, Naples","Teleki 11' Toldi 27', 61' Vincze 53'","Fawzi 31', 39'"
6,27 May 1934,Preliminary round,Switzerland,Netherlands,3-2 (2-1),(2-1),"Stadio San Siro, Milan","Kielholz 7', 43' Abegglen 69'",Smit 19' Vente 84'
7,27 May 1934,Preliminary round,Italy,United States,7-1 (3-0),(3-0),"Stadio Nazionale PNF, Rome","Schiavio 18', 29', 64' Orsi 20', 69' Ferrari 63' Meazza 90'",Donelli 57'
8,27 May 1934,Preliminary round,Czechoslovakia,Romania,2-1 (0-1),(0-1),"Stadio Littorio, Trieste",Puč 50' Nejedlý 67',Dobay 11'
9,31 May 1934,Quarter finals,Czechoslovakia,Switzerland,3-2 (1-1),(1-1),"Stadio Benito Mussolini, Turin",Svoboda 24' Sobotka  49' Nejedlý 82',Kielholz 18' Jäggi 78'
10,31 May 1934,Quarter finals,Germany,Sweden,2-1 (0-0),(0-0),"Stadio San Siro, Milan","Hohmann 60', 63'",Dunker 82'
11,31 May 1934,Quarter finals,Italy,Spain,"1-1 a.e.t. (1-1, 1-1)","(1-1, 1-1)","Stadio Giovanni Berta, Florence",Ferrari 44',Regueiro 30'
12,31 May 1934,Quarter finals,Austria,Hungary,2-1 (1-0),(1-0),"Stadio Littoriale, Bologna",Horvath 8' Zischek 51',Sárosi 60' (pen.)
13,1 June 1934,Quarter finals replays     ## Quarter finals Replayfix  add Replay to round too!!!,Italy,Spain,1-0 (1-0),(1-0),"Stadio Giovanni Berta, Florence",Meazza 11',
14,3 June 1934,Semi finals,Italy,Austria,1-0 (1-0),(1-0),"Stadio San Siro, Milan",Guaita 19',
15,3 June 1934,Semi finals,Czechoslovakia,Germany,3-1 (1-0),(1-0),"Stadio Nazionale PNF, Rome","Nejedlý 19', 71', 80'",Noack 62'
16,7 June 1934,Third place match,Germany,Austria,3-2 (3-1),(3-1),"Stadio Giorgio Ascarelli, Naples","Lehner 1', 42' Conen 27'",Horvath 28' Sesta 54'
17,10 June 1934,Final,Italy,Czechoslovakia,"2-1 a.e.t. (1-1, 0-0)","(1-1, 0-0)","Stadio Nazionale PNF, Rome",Orsi 81' Schiavio 95',Puč 71'
1,4 June 1938,First round,Switzerland,Germany,"1-1aet (1-1, 1-1)","(1-1, 1-1)","Parc des Princes, Paris",Abegglen 43',Gauchel 29'
2,5 June 1938,First round,Hungary,East Indies,6-0 (4-0),(4-0),"Vélodrome Municipal, Reims","Kohut 14' Toldi 16' Sárosi 25', 88' Zsengellér 30', 67'",
3,5 June 1938,First round,France,Belgium,3-1 (2-1),(2-1),"Stade Olympique de Colombes, Paris","Veinante 1' Nicolas 16', 69'",Isemborghs 38'
4,5 June 1938,First round,Cuba,Romania,"3-3aet (2-2, 1-1)","(2-2, 1-1)","Stade Chapou, Toulouse",Socorro 44' Fernández 87' Tuñas 117',Bindea 35' Baratky 88' Dobay 105'
5,5 June 1938,First round,Italy,Norway,"2-1aet (1-1, 1-0)","(1-1, 1-0)","Stade Vélodrome, Marseille",Ferraris 2' Piola 94',Brustad 83'
6,5 June 1938,First round,Brazil,Poland,"6-5aet (4-4, 3-1)","(4-4, 3-1)","Stade de la Meinau, Strasbourg","Leônidas 18', 93', 104' Romeu 25' Perácio 44', 71'","Scherfke 23' (pen.) Wilimowski 53', 59', 89', 118'"
7,5 June 1938,First round,Czechoslovakia,Netherlands,"3-0aet (0-0, 0-0)","(0-0, 0-0)","Stade municipal, Le Havre",Košťálek 93' Nejedlý 111' Zeman 118',
8,9 June 1938,First round replays,Cuba,Romania,2-1 (0-1),(0-1),"Stade Chapou, Toulouse",Socorro 51' Oliveira 57',Dobay 35'
9,9 June 1938,First round replays,Germany,Switzerland,2-4 (2-1),(2-1),"Parc des Princes, Paris",Hahnemann 8' Lörtscher 22' (o.g.),"Walaschek 42' Bickel 64' Abegglen 75', 78'"
10,12 June 1938,Quarter finals,Brazil,Czechoslovakia,"1-1aet (1-1, 1-0)","(1-1, 1-0)","Parc Lescure, Bordeaux",Leônidas 30',Nejedlý 65' (pen.)
11,12 June 1938,Quarter finals,Switzerland,Hungary,0-2 (0-1),(0-1),"Stade Victor Boucquey, Lille", -,Sárosi 40' Zsengellér 89'
12,12 June 1938,Quarter finals,Sweden,Cuba,8-0 (4-0),(4-0),"Stade du Fort Carré, Antibes","H. Andersson 9', 81', 90' Wetterström 32', 37', 44' Keller 80' Nyberg 84'",
13,12 June 1938,Quarter finals,France,Italy,1-3 (1-1),(1-1),"Stade Olympique de Colombes, Paris",Heisserer 10',"Colaussi 9' Piola 51', 72'"
14,14 June 1938,Quarter finals replays,Brazil,Czechoslovakia,2-1 (0-1),(0-1),"Parc Lescure, Bordeaux",Leônidas 57' Roberto 62',Kopecký 25'
15,16 June 1938,Semi finals,Hungary,Sweden,5-1 (3-1),(3-1),"Parc des Princes, Paris","Jacobsson 19' (o.g.) Titkos 37' Zsengellér 39', 85' Sárosi 65'",Nyberg 1'
16,16 June 1938,Semi finals,Italy,Brazil,2-1 (0-0),(0-0),"Stade Vélodrome, Marseille",Colaussi 51' Meazza 60' (pen.),Romeu 87'
17,19 June 1938,Semi finals,Sweden,Brazil,2-4 (2-1),(2-1),"Parc Lescure, Bordeaux",Jonasson 28' Nyberg 38',"Romeu 44' Leônidas 63', 74' Perácio 80'"
18,19 June 1938,Final,Hungary,Italy,2-4 (1-3),(1-3),"Stade Olympique de Colombes, Paris",Titkos 8' Sárosi 70',"Colaussi 6', 35' Piola 16', 82'"
1,24 June 1950,Group 1,Brazil,Mexico,4-0 (1-0),(1-0),"Estádio do Maracanã, Rio de Janeiro","Ademir 30', 79' Jair 65' Baltazar 71'",
5,25 June 1950,Group 1,Yugoslavia,Switzerland,3-0 (0-0),(0-0),"Estádio Independência, Belo Horizonte",Mitić 59' Tomašević 70' Ognjanov 75',
6,28 June 1950,Group 1,Brazil,Switzerland,2-2 (2-1),(2-1),"Estádio do Pacaembu, São Paulo",Alfredo 3' Baltazar 32',"Fatton 17', 88'"
7,28 June 1950,Group 1,Yugoslavia,Mexico,4-1 (2-0),(2-0),"Estádio dos Eucaliptos, Porto Alegre","Bobek 19' Ž. Čajkovski 22', 62' Tomašević 81'",Ortiz 89' (pen.)
11,1 July 1950,Group 1,Brazil,Yugoslavia,2-0 (1-0),(1-0),"Estádio do Maracanã, Rio de Janeiro",Ademir 4' Zizinho 69',
14,2 July 1950,Group 1,Switzerland,Mexico,2-1 (2-0),(2-0),"Estádio dos Eucaliptos, Porto Alegre",Bader 10' Antenen 44',Casarín 89'
2,25 June 1950,Group 2,England,Chile,2-0,,"Estádio do Maracanã, Rio de Janeiro",Mortensen 27' Mannion 51',
3,25 June 1950,Group 2,Spain,United States,3-1,,"Estádio Durival de Britto, Curitiba",Igoa 81' Basora 83' Zarra 89',Pariani 17'
8,29 June 1950,Group 2,Spain,Chile,2-0,,"Estádio do Maracanã, Rio de Janeiro",Basora 17' Zarra 30',
10,29 June 1950,Group 2,United States,England,1-0,,"Estádio Independência, Belo Horizonte",Gaetjens 38',
12,2 July 1950,Group 2,Spain,England,1-0,,"Estádio do Maracanã, Rio de Janeiro",Zarra 48',
15,2 July 1950,Group 2,Chile,United States,5-2,,"Estádio Ilha do Retiro, Recife","Robledo 16' Riera 32' Cremaschi 54', 82' Prieto 60'",Wallace 47' Maca 48' (pen.)
4,25 June 1950,Group 3,Sweden,Italy,3-2,,"Estádio do Pacaembu, São Paulo","Jeppson 25', 68' Andersson 33'",Carapellese 7' Muccinelli 75'
9,29 June 1950,Group 3,Sweden,Paraguay,2-2,,"Estádio Durival Britto, Curitiba",Sundqvist 17' Palmér 26',López 35' López Fretes 74'
13,2 July 1950,Group 3,Italy,Paraguay,2-0,,"Estádio do Pacaembu, São Paulo",Carapellese 12' Pandolfini 62',
16,2 July 1950,Group 4,Uruguay,Bolivia,8-0,,"Estádio Independência, Belo Horizonte","Míguez 14', 40', 51' Vidal 18' Schiaffino 23', 54' Pérez 83' Ghiggia 87'",
17,9 July 1950,Group F,Uruguay,Spain,2-2,,"Estádio do Pacaembu, São Paulo",Ghiggia 29' Varela 73',"Basora 37', 39'"
18,9 July 1950,Group F,Brazil,Sweden,7-1,,"Estádio do Maracanã, Rio de Janeiro","Ademir 17', 36', 52', 58' Chico 39', 88' Maneca 85'",Andersson 67' (pen.)
19,13 July 1950,Group F,Brazil,Spain,6-1,,"Estádio do Maracanã, Rio de Janeiro","Parra 15' (o.g.) Jair 21' Chico 31', 55' Ademir 57' Zizinho 67'",Igoa 71'
20,13 July 1950,Group F,Uruguay,Sweden,3-2,,"Estádio do Pacaembu, São Paulo","Ghiggia 39' Míguez 77', 85'",Palmér 5' Sundqvist 40'
21,16 July 1950,Group F,Sweden,Spain,3-1,,"Estádio do Pacaembu, São Paulo",Sundqvist 15' Mellberg 33' Palmér 80',Zarra 82'
22,16 July 1950,Group F,Uruguay,Brazil,2-1,,"Estádio do Maracanã, Rio de Janeiro",Schiaffino 66' Ghiggia 79',Friaça 47'
3,16 June 1954,Group 1,Brazil,Mexico,5-0,,"Charmilles Stadium, Geneva",,
4,16 June 1954,Group 1,Yugoslavia,France,1-0,,"Stade Olympique de la Pontaise, Lausanne",,
10,19 June 1954,Group 1,Brazil,Yugoslavia,1-1 a.e.t. (1-1),(1-1),"Stade Olympique de la Pontaise, Lausanne",,
11,19 June 1954,Group 1,France,Mexico,3-2,,"Charmilles Stadium, Geneva",,
5,17 June 1954,Group 2,West Germany,Turkey,4-1,,"Wankdorf Stadium, Bern",,
8,17 June 1954,Group 2,Hungary,South Korea,9-0,,"Hardturm Stadium, Zürich",,
14,20 June 1954,Group 2,Hungary,West Germany,8-3,,"St. Jakob Stadium, Basel",,
15,20 June 1954,Group 2,Turkey,South Korea,7-0,,"Charmilles Stadium, Geneva",,
25,23 June 1954,# note: use Group 2 Play off e.g. Group 2 instead of Group 2 to avoid group match in round header   fix!!!,West Germany,Turkey,7-2,,"Hardturm Stadium, Zürich",,
1,16 June 1954,Group 3,Uruguay,Czechoslovakia,2-0,,"Wankdorf Stadium, Bern",,
2,16 June 1954,Group 3,Austria,Scotland,1-0,,"Hardturm Stadium, Zürich",,
9,19 June 1954,Group 3,Austria,Czechoslovakia,5-0,,"Hardturm Stadium, Zürich",,
12,19 June 1954,Group 3,Uruguay,Scotland,7-0,,"St. Jakob Stadium, Basel",,
6,17 June 1954,Group 4,England,Belgium,4-4 a.e.t. (3-3),(3-3),"St. Jakob Stadium, Basel",,
7,17 June 1954,Group 4,Switzerland,Italy,2-1,,"Stade Olympique de la Pontaise, Lausanne",,
13,20 June 1954,Group 4,England,Switzerland,2-0,,"Wankdorf Stadium, Bern",,
16,20 June 1954,Group 4,Italy,Belgium,4-1,,"Cornaredo Stadium, Lugano",,
26,23 June 1954,# note: use Group 4 Play off e.g. Group 4 instead of Group 4 to avoid group match in round header   fix!!!,Switzerland,Italy,4-1,,"St. Jakob Stadium, Basel",,
19,26 June 1954,Quarter finals,Austria,Switzerland,7-5,,"Stade Olympique de la Pontaise, Lausanne",,
20,26 June 1954,Quarter finals,Uruguay,England,4-2,,"St. Jakob Stadium, Basel",,
17,27 June 1954,Quarter finals,Yugoslavia,West Germany,0-2,,"Charmilles Stadium, Geneva",,
18,27 June 1954,Quarter finals,Brazil,Hungary,2-4,,"Wankdorf Stadium, Bern",,
21,30 June 1954,Semi finals,West Germany,Austria,6-1,,"St. Jakob Stadium, Basel",,
22,30 June 1954,Semi finals,Hungary,Uruguay,4-2 a.e.t. (2-2),(2-2),"Stade Olympique de la Pontaise, Lausanne",,
23,3 July 1954,Third place match         ## use just Third place    why? why not?,Uruguay,Austria,1-3,,"Hardturm Stadium, Zürich",,
24,4 July 1954,Final,Hungary,West Germany,2-3,,"Wankdorf Stadium, Bern",,
7,8 June 1958,Group 1,West Germany,Argentina,3-1,,"Malmö Stadion, Malmö",,
8,8 June 1958,Group 1,Northern Ireland,Czechoslovakia,1-0,,"Örjans Vall, Halmstad",,
15,11 June 1958,Group 1,Argentina,Northern Ireland,3-1,,"Örjans Vall, Halmstad",,
14,11 June 1958,Group 1,West Germany,Czechoslovakia,2-2,,"Olympiastadion, Helsingborg",,
23,15 June 1958,Group 1,West Germany,Northern Ireland,2-2,,"Malmö Stadion, Malmö",,
24,15 June 1958,Group 1,Czechoslovakia,Argentina,6-1,,"Olympiastadion, Helsingborg",,
35,17 June 1958,# note: use Group 1 Play off e.g. Group 1 instead of Group 1 to avoid group match in round header   fix!!!,Northern Ireland,Czechoslovakia,2-1 a.e.t. (1-1),(1-1),"Malmö Stadion, Malmö",,
3,8 June 1958,Group 2,France,Paraguay,7-3,,"Idrottsparken, Norrköping",,
4,8 June 1958,Group 2,Yugoslavia,Scotland,1-1,,"Arosvallen, Västerås",,
11,11 June 1958,Group 2,Yugoslavia,France,3-2,,"Arosvallen, Västerås",,
10,11 June 1958,Group 2,Paraguay,Scotland,3-2,,"Idrottsparken, Norrköping",,
20,15 June 1958,Group 2,France,Scotland,2-1,,"Eyravallen, Örebro",,
19,15 June 1958,Group 2,Paraguay,Yugoslavia,3-3,,"Tunavallen, Eskilstuna",,
1,8 June 1958,Group 3,Sweden,Mexico,3-0,,"Råsunda Stadium, Solna",,
2,8 June 1958,Group 3,Hungary,Wales,1-1,,"Jernvallen, Sandviken",,
9,11 June 1958,Group 3,Mexico,Wales,1-1,,"Råsunda Stadium, Solna",,
16,12 June 1958,Group 3,Sweden,Hungary,2-1,,"Råsunda Stadium, Solna",,
17,15 June 1958,Group 3,Sweden,Wales,0-0,,"Råsunda Stadium, Solna",,
18,15 June 1958,Group 3,Hungary,Mexico,4-0,,"Jernvallen, Sandviken",,
33,17 June 1958,# note: use Group 3 Play off e.g. Group 3 instead of Group 3 to avoid group match in round header   fix!!!,Wales,Hungary,2-1,,"Råsunda Stadium, Solna",,
6,8 June 1958,Group 4,Brazil,Austria,3-0,,"Rimnersvallen, Uddevalla",,
5,8 June 1958,Group 4,Soviet Union,England,2-2,,"Ullevi, Gothenburg",,
12,11 June 1958,Group 4,Brazil,England,0-0,,"Ullevi, Gothenburg",,
13,11 June 1958,Group 4,Soviet Union,Austria,2-0,,"Ryavallen, Borås",,
22,15 June 1958,Group 4,England,Austria,2-2,,"Ryavallen, Borås",,
21,15 June 1958,Group 4,Brazil,Soviet Union,2-0,,"Ullevi, Gothenburg",,
34,17 June 1958,# note: use Group 4 Play off e.g. Group 4 instead of Group 4 to avoid group match in round header   fix!!!,Soviet Union,England,1-0,,"Ullevi, Gothenburg",,
26,19 June 1958,Quarter finals,France,Northern Ireland,4-0,,"Idrottsparken, Norrköping",,
25,19 June 1958,Quarter finals,Sweden,Soviet Union,2-0,,"Råsunda Stadium, Solna",,
27,19 June 1958,Quarter finals,Brazil,Wales,1-0,,"Ullevi, Gothenburg",,
28,19 June 1958,Quarter finals,West Germany,Yugoslavia,1-0,,"Malmö Stadion, Malmö",,
29,24 June 1958,Semi finals,France,Brazil,2-5,,"Råsunda Stadium, Solna",,
30,24 June 1958,Semi finals,West Germany,Sweden,1-3,,"Ullevi, Gothenburg",,
31,28 June 1958,Match for third place     ## check use just  Third place    why? why not?,West Germany,France,3-6,,"Ullevi, Gothenburg",,
32,29 June 1958,Final,Sweden,Brazil,2-5,,"Råsunda Stadium, Solna",,
1,30 May 1962,Group 1,Uruguay,Colombia,2-1,,"Estadio Carlos Dittborn, Arica",,
5,31 May 1962,Group 1,Soviet Union,Yugoslavia,2-0,,"Estadio Carlos Dittborn, Arica",,
9,2 June 1962,Group 1,Yugoslavia,Uruguay,3-1,,"Estadio Carlos Dittborn, Arica",,
13,3 June 1962,Group 1,Soviet Union,Colombia,4-4,,"Estadio Carlos Dittborn, Arica",,
17,6 June 1962,Group 1,Soviet Union,Uruguay,2-1,,"Estadio Carlos Dittborn, Arica",,
21,7 June 1962,Group 1,Yugoslavia,Colombia,5-0,,"Estadio Carlos Dittborn, Arica",,
2,30 May 1962,Group 2,Chile,Switzerland,3-1,,"Estadio Nacional, Santiago",,
6,31 May 1962,Group 2,West Germany,Italy,0-0,,"Estadio Nacional, Santiago",,
10,2 June 1962,Group 2,Chile,Italy,2-0,,"Estadio Nacional, Santiago",,
14,3 June 1962,Group 2,West Germany,Switzerland,2-1,,"Estadio Nacional, Santiago",,
18,6 June 1962,Group 2,West Germany,Chile,2-0,,"Estadio Nacional, Santiago",,
22,7 June 1962,Group 2,Italy,Switzerland,3-0,,"Estadio Nacional, Santiago",,
3,30 May 1962,Group 3,Brazil,Mexico,2-0,,"Estadio Sausalito, Viña del Mar",,
7,31 May 1962,Group 3,Czechoslovakia,Spain,1-0,,"Estadio Sausalito, Viña del Mar",,
11,2 June 1962,Group 3,Brazil,Czechoslovakia,0-0,,"Estadio Sausalito, Viña del Mar",,
15,3 June 1962,Group 3,Spain,Mexico,1-0,,"Estadio Sausalito, Viña del Mar",,
19,6 June 1962,Group 3,Brazil,Spain,2-1,,"Estadio Sausalito, Viña del Mar",,
23,7 June 1962,Group 3,Mexico,Czechoslovakia,3-1,,"Estadio Sausalito, Viña del Mar",,
4,30 May 1962,Group 4,Argentina,Bulgaria,1-0,,"Estadio El Teniente, Rancagua",,
8,31 May 1962,Group 4,Hungary,England,2-1,,"Estadio El Teniente, Rancagua",,
12,2 June 1962,Group 4,England,Argentina,3-1,,"Estadio El Teniente, Rancagua",,
16,3 June 1962,Group 4,Hungary,Bulgaria,6-1,,"Estadio El Teniente, Rancagua",,
20,6 June 1962,Group 4,Hungary,Argentina,0-0,,"Estadio El Teniente, Rancagua",,
24,7 June 1962,Group 4,England,Bulgaria,0-0,,"Estadio El Teniente, Rancagua",,
25,10 June 1962,Quarter finals,Chile,Soviet Union,2-1,,"Estadio Carlos Dittborn, Arica",,
26,10 June 1962,Quarter finals,Yugoslavia,West Germany,1-0,,"Estadio Nacional, Santiago",,
27,10 June 1962,Quarter finals,Brazil,England,3-1,,"Estadio Sausalito, Viña del Mar",,
28,10 June 1962,Quarter finals,Czechoslovakia,Hungary,1-0,,"Estadio El Teniente, Rancagua",,
29,13 June 1962,Semi finals,Brazil,Chile,4-2,,"Estadio Nacional, Santiago",,
30,13 June 1962,Semi finals,Czechoslovakia,Yugoslavia,3-1,,"Estadio Sausalito, Viña del Mar",,
31,16 June 1962,Third place match,Chile,Yugoslavia,1-0,,"Estadio Nacional, Santiago",,
32,17 June 1962,Final,Brazil,Czechoslovakia,3-1,,"Estadio Nacional, Santiago",,
1,11 July 1966,Group 1,England,Uruguay,0-0,,"Wembley Stadium, London",,
5,13 July 1966,Group 1,France,Mexico,1-1,,"Wembley Stadium, London",,
9,15 July 1966,Group 1,Uruguay,France,2-1,,"White City Stadium, London",,
13,16 July 1966,Group 1,England,Mexico,2-0,,"Wembley Stadium, London",,
17,19 July 1966,Group 1,Mexico,Uruguay,0-0,,"Wembley Stadium, London",,
21,20 July 1966,Group 1,England,France,2-0,,"Wembley Stadium, London",,
2,12 July 1966,Group 2,West Germany,Switzerland,5-0,,"Hillsborough Stadium, Sheffield",,
6,13 July 1966,Group 2,Argentina,Spain,2-1,,"Villa Park, Birmingham",,
10,15 July 1966,Group 2,Spain,Switzerland,2-1,,"Hillsborough Stadium, Sheffield",,
14,16 July 1966,Group 2,Argentina,West Germany,0-0,,"Villa Park, Birmingham",,
18,19 July 1966,Group 2,Argentina,Switzerland,2-0,,"Hillsborough Stadium, Sheffield",,
22,20 July 1966,Group 2,West Germany,Spain,2-1,,"Villa Park, Birmingham",,
3,12 July 1966,Group 3,Brazil,Bulgaria,2-0,,"Goodison Park, Liverpool",,
7,13 July 1966,Group 3,Portugal,Hungary,3-1,,"Old Trafford, Manchester",,
11,15 July 1966,Group 3,Hungary,Brazil,3-1,,"Goodison Park, Liverpool",,
15,16 July 1966,Group 3,Portugal,Bulgaria,3-0,,"Old Trafford, Manchester",,
19,19 July 1966,Group 3,Portugal,Brazil,3-1,,"Goodison Park, Liverpool",,
23,20 July 1966,Group 3,Hungary,Bulgaria,3-1,,"Old Trafford, Manchester",,
4,12 July 1966,Group 4,Soviet Union,North Korea,3-0,,"Ayresome Park, Middlesbrough",,
8,13 July 1966,Group 4,Italy,Chile,2-0,,"Roker Park, Sunderland",,
12,15 July 1966,Group 4,Chile,North Korea,1-1,,"Ayresome Park, Middlesbrough",,
16,16 July 1966,Group 4,Soviet Union,Italy,1-0,,"Roker Park, Sunderland",,
20,19 July 1966,Group 4,North Korea,Italy,1-0,,"Ayresome Park, Middlesbrough",,
24,20 July 1966,Group 4,Soviet Union,Chile,2-1,,"Roker Park, Sunderland",,
25,23 July 1966,Quarter finals,England,Argentina,1-0,,"Wembley Stadium, London",,
26,23 July 1966,Quarter finals,West Germany,Uruguay,4-0,,"Hillsborough Stadium, Sheffield",,
27,23 July 1966,Quarter finals,Soviet Union,Hungary,2-1,,"Roker Park, Sunderland",,
28,23 July 1966,Quarter finals,Portugal,North Korea,5-3,,"Goodison Park, Liverpool",,
29,25 July 1966,Semi finals,West Germany,Soviet Union,2-1,,"Goodison Park, Liverpool",,
30,26 July 1966,Semi finals,England,Portugal,2-1,,"Wembley Stadium, London",,
31,28 July 1966,Third place match,Portugal,Soviet Union,2-1,,"Wembley Stadium, London",,
32,30 July 1966,Final,England,West Germany,4-2 a.e.t. (2-2),(2-2),"Wembley Stadium, London",,
1,31 May 1970,Group 1,Mexico,Soviet Union,0-0,,"Estadio Azteca, Mexico City",,
5,3 June 1970,Group 1,Belgium,El Salvador,3-0,,"Estadio Azteca, Mexico City",,
9,6 June 1970,Group 1,Soviet Union,Belgium,4-1,,"Estadio Azteca, Mexico City",,
13,7 June 1970,Group 1,Mexico,El Salvador,4-0,,"Estadio Azteca, Mexico City",,
17,10 June 1970,Group 1,Soviet Union,El Salvador,2-0,,"Estadio Azteca, Mexico City",,
21,11 June 1970,Group 1,Mexico,Belgium,1-0,,"Estadio Azteca, Mexico City",,
2,2 June 1970,Group 2,Uruguay,Israel,2-0,,"Estadio Cuauhtémoc, Puebla",,
6,3 June 1970,Group 2,Italy,Sweden,1-0,,"Estadio Luis Dosal, Toluca",,
10,6 June 1970,Group 2,Uruguay,Italy,0-0,,"Estadio Cuauhtémoc, Puebla",,
14,7 June 1970,Group 2,Sweden,Israel,1-1,,"Estadio Luis Dosal, Toluca",,
18,10 June 1970,Group 2,Uruguay,Sweden,0-1,,"Estadio Cuauhtémoc, Puebla",,
22,11 June 1970,Group 2,Israel,Italy,0-0,,"Estadio Luis Dosal, Toluca",,
3,2 June 1970,Group 3,Romania,England,0-1,,"Estadio Jalisco, Guadalajara",,
7,3 June 1970,Group 3,Czechoslovakia,Brazil,1-4,,"Estadio Jalisco, Guadalajara",,
11,6 June 1970,Group 3,Romania,Czechoslovakia,2-1,,"Estadio Jalisco, Guadalajara",,
15,7 June 1970,Group 3,England,Brazil,0-1,,"Estadio Jalisco, Guadalajara",,
19,10 June 1970,Group 3,Romania,Brazil,2-3,,"Estadio Jalisco, Guadalajara",,
23,11 June 1970,Group 3,England,Czechoslovakia,1-0,,"Estadio Jalisco, Guadalajara",,
4,2 June 1970,Group 4,Peru,Bulgaria,3-2,,"Estadio Nou Camp, León",,
8,3 June 1970,Group 4,Morocco,West Germany,1-2,,"Estadio Nou Camp, León",,
12,6 June 1970,Group 4,Peru,Morocco,3-0,,"Estadio Nou Camp, León",,
16,7 June 1970,Group 4,Bulgaria,West Germany,2-5,,"Estadio Nou Camp, León",,
20,10 June 1970,Group 4,Peru,West Germany,1-3,,"Estadio Nou Camp, León",,
24,11 June 1970,Group 4,Bulgaria,Morocco,1-1,,"Estadio Nou Camp, León",,
25,14 June 1970,Quarter finals,Soviet Union,Uruguay,0-1 a.e.t. (0-0),(0-0),"Estadio Azteca, Mexico City",,
26,14 June 1970,Quarter finals,Italy,Mexico,4-1,,"Estadio Luis Dosal, Toluca",,
27,14 June 1970,Quarter finals,Brazil,Peru,4-2,,"Estadio Jalisco, Guadalajara",,
28,14 June 1970,Quarter finals,West Germany,England,3-2 a.e.t. (2-2),(2-2),"Estadio Nou Camp, León",,
29,17 June 1970,Semi finals,Uruguay,Brazil,1-3,,"Estadio Jalisco, Guadalajara",,
30,17 June 1970,Semi finals,Italy,West Germany,4-3 a.e.t. (1-1),(1-1),"Estadio Azteca, Mexico City",,
31,20 June 1970,Semi finals,Uruguay,West Germany,0-1,,"Estadio Azteca, Mexico City",,
32,21 June 1970,Final,Brazil,Italy,4-1,,"Estadio Azteca, Mexico City",,
1,14 June 1974,Group 1,West Germany,Chile,1-0,,"Olympiastadion, West Berlin",,
2,14 June 1974,Group 1,East Germany,Australia,2-0,,"Volksparkstadion, Hamburg",,
9,18 June 1974,Group 1,Chile,East Germany,1-1,,"Olympiastadion, West Berlin",,
10,18 June 1974,Group 1,Australia,West Germany,0-3,,"Volksparkstadion, Hamburg",,
17,22 June 1974,Group 1,Australia,Chile,0-0,,"Olympiastadion, West Berlin",,
18,22 June 1974,Group 1,East Germany,West Germany,1-0,,"Volksparkstadion, Hamburg",,
3,13 June 1974,Group 2,Brazil,Yugoslavia,0-0,,"Waldstadion, Frankfurt",,
4,14 June 1974,Group 2,Zaire,Scotland,0-2,,"Westfalenstadion, Dortmund",,
11,18 June 1974,Group 2,Yugoslavia,Zaire,9-0,,"Parkstadion, Gelsenkirchen",,
12,18 June 1974,Group 2,Scotland,Brazil,0-0,,"Waldstadion, Frankfurt",,
19,22 June 1974,Group 2,Scotland,Yugoslavia,1-1,,"Waldstadion, Frankfurt",,
20,22 June 1974,Group 2,Zaire,Brazil,0-3,,"Parkstadion, Gelsenkirchen",,
5,15 June 1974,Group 3,Uruguay,Netherlands,0-2,,"Niedersachsenstadion, Hanover",,
6,15 June 1974,Group 3,Sweden,Bulgaria,0-0,,"Rheinstadion, Düsseldorf",,
13,19 June 1974,Group 3,Netherlands,Sweden,0-0,,"Westfalenstadion, Dortmund",,
14,19 June 1974,Group 3,Uruguay,Bulgaria,1-1,,"Niedersachsenstadion, Hanover",,
21,23 June 1974,Group 3,Netherlands,Bulgaria,4-1,,"Westfalenstadion, Dortmund",,
22,23 June 1974,Group 3,Sweden,Uruguay,3-0,,"Rheinstadion, Düsseldorf",,
7,15 June 1974,Group 4,Italy,Haiti,3-1,,"Olympiastadion, Munich",,
8,15 June 1974,Group 4,Poland,Argentina,3-2,,"Neckarstadion, Stuttgart",,
15,19 June 1974,Group 4,Haiti,Poland,0-7,,"Olympiastadion, Munich",,
16,19 June 1974,Group 4,Argentina,Italy,1-1,,"Neckarstadion, Stuttgart",,
23,23 June 1974,Group 4,Argentina,Haiti,4-1,,"Olympiastadion, Munich",,
24,23 June 1974,Group 4,Poland,Italy,2-1,,"Neckarstadion, Stuttgart",,
25,26 June 1974,Group A,Brazil,East Germany,1-0,,"Niedersachsenstadion, Hanover",,
26,26 June 1974,Group A,Netherlands,Argentina,4-0,,"Parkstadion, Gelsenkirchen",,
29,30 June 1974,Group A,East Germany,Netherlands,0-2,,"Parkstadion, Gelsenkirchen",,
30,30 June 1974,Group A,Argentina,Brazil,1-2,,"Niedersachsenstadion, Hanover",,
33,3 July 1974,Group A,Argentina,East Germany,1-1,,"Parkstadion, Gelsenkirchen",,
34,3 July 1974,Group A,Netherlands,Brazil,2-0,,"Westfalenstadion, Dortmund",,
27,26 June 1974,Group B,Yugoslavia,West Germany,0-2,,"Rheinstadion, Düsseldorf",,
28,26 June 1974,Group B,Sweden,Poland,0-1,,"Neckarstadion, Stuttgart",,
31,30 June 1974,Group B,West Germany,Sweden,4-2,,"Rheinstadion, Düsseldorf",,
32,30 June 1974,Group B,Poland,Yugoslavia,2-1,,"Waldstadion, Frankfurt",,
35,3 July 1974,Group B,Poland,West Germany,0-1,,"Waldstadion, Frankfurt",,
36,3 July 1974,Group B,Sweden,Yugoslavia,2-1,,"Rheinstadion, Düsseldorf",,
37,6 July 1974,Group B,Brazil,Poland,0-1,,"Olympiastadion, Munich",,
38,7 July 1974,Final,Netherlands,West Germany,1-2,,"Olympiastadion, Munich",,
2,2 June 1978,Group 1,Argentina,Hungary,2-1,,"Estadio Monumental, Buenos Aires",,
3,2 June 1978,Group 1,Italy,France,2-1,,"Estadio José María Minella, Mar del Plata",,
9,6 June 1978,Group 1,Argentina,France,2-1,,"Estadio Monumental, Buenos Aires",,
10,6 June 1978,Group 1,Italy,Hungary,3-1,,"Estadio José María Minella, Mar del Plata",,
17,10 June 1978,Group 1,Argentina,Italy,0-1,,"Estadio Monumental, Buenos Aires",,
18,10 June 1978,Group 1,France,Hungary,3-1,,"Estadio José María Minella, Mar del Plata",,
1,1 June 1978,Group 2,West Germany,Poland,0-0,,"Estadio Monumental, Buenos Aires",,
4,2 June 1978,Group 2,Tunisia,Mexico,3-1,,"Estadio Gigante de Arroyito, Rosario",,
11,6 June 1978,Group 2,Poland,Tunisia,1-0,,"Estadio Gigante de Arroyito, Rosario",,
12,6 June 1978,Group 2,West Germany,Mexico,6-0,,"Estadio Chateau Carreras, Córdoba",,
19,10 June 1978,Group 2,Poland,Mexico,3-1,,"Estadio Gigante de Arroyito, Rosario",,
20,10 June 1978,Group 2,West Germany,Tunisia,0-0,,"Estadio Olímpico Chateau Carreras, Córdoba",,
5,3 June 1978,Group 3,Austria,Spain,2-1,,"Estadio José Amalfitani, Buenos Aires",,
6,3 June 1978,Group 3,Brazil,Sweden,1-1,,"Estadio José Maria Minella, Mar del Plata",,
13,7 June 1978,Group 3,Austria,Sweden,1-0,,"Estadio José Amalfitani, Buenos Aires",,
14,7 June 1978,Group 3,Brazil,Spain,0-0,,"Estadio José Maria Minella, Mar del Plata",,
21,11 June 1978,Group 3,Spain,Sweden,1-0,,"Estadio José Amalfitani, Buenos Aires",,
22,11 June 1978,Group 3,Brazil,Austria,1-0,,"Estadio José Maria Minella, Mar del Plata",,
7,3 June 1978,Group 4,Peru,Scotland,3-1,,"Estadio Chateau Carreras, Córdoba",,
8,3 June 1978,Group 4,Netherlands,Iran,3-0,,"Estadio Ciudad de Mendoza, Mendoza",,
15,7 June 1978,Group 4,Scotland,Iran,1-1,,"Estadio Chateau Carreras, Córdoba",,
16,7 June 1978,Group 4,Netherlands,Peru,0-0,,"Estadio Ciudad de Mendoza, Mendoza",,
23,11 June 1978,Group 4,Peru,Iran,4-1,,"Estadio Chateau Carreras, Córdoba",,
24,11 June 1978,Group 4,Scotland,Netherlands,3-2,,"Estadio Ciudad de Mendoza, Mendoza",,
25,14 June 1978,Group A,Italy,West Germany,0-0,,"Estadio Monumental, Buenos Aires",,
27,14 June 1978,Group A,Austria,Netherlands,1-5,,"Estadio Chateau Carreras, Córdoba",,
29,18 June 1978,Group A,Italy,Austria,1-0,,"Estadio Monumental, Buenos Aires",,
31,18 June 1978,Group A,Netherlands,West Germany,2-2,,"Estadio Chateau Carreras, Córdoba",,
33,21 June 1978,Group A,Italy,Netherlands,1-2,,"Estadio Monumental, Buenos Aires",,
35,21 June 1978,Group A,Austria,West Germany,3-2,,"Estadio Chateau Carreras, Córdoba",,
26,14 June 1978,Group B,Argentina,Poland,2-0,,"Estadio Gigante de Arroyito, Rosario",,
28,14 June 1978,Group B,Peru,Brazil,0-3,,"Estadio Ciudad de Mendoza, Mendoza",,
30,18 June 1978,Group B,Argentina,Brazil,0-0,,"Estadio Gigante de Arroyito, Rosario",,
32,18 June 1978,Group B,Peru,Poland,0-1,,"Estadio Ciudad de Mendoza, Mendoza",,
34,21 June 1978,Group B,Argentina,Peru,6-0,,"Estadio Gigante de Arroyito, Rosario",,
36,21 June 1978,Group B,Poland,Brazil,1-3,,"Estadio Ciudad de Mendoza, Mendoza",,
37,24 June 1978,Third place match,Brazil,Italy,2-1,,"Estadio Monumental, Buenos Aires",,
38,25 June 1978,Final,Netherlands,Argentina,1-3 a.e.t. (1-1),(1-1),"Estadio Monumental, Buenos Aires",,
2,14 June 1982,Group 1,Italy,Poland,0-0,,"Balaídos, Vigo",,
4,15 June 1982,Group 1,Peru,Cameroon,0-0,,"Estadio de Riazor, A Coruña",,
13,18 June 1982,Group 1,Italy,Peru,1-1,,"Balaídos, Vigo",,
16,19 June 1982,Group 1,Poland,Cameroon,0-0,,"Estadio de Riazor, A Coruña",,
25,22 June 1982,Group 1,Poland,Peru,5-1,,"Estadio de Riazor, A Coruña",,
28,23 June 1982,Group 1,Italy,Cameroon,1-1,,"Balaídos, Vigo",,
7,16 June 1982,Group 2,West Germany,Algeria,1-2,,"El Molinón, Gijón",,
10,17 June 1982,Group 2,Chile,Austria,0-1,,"Estadio Carlos Tartiere, Oviedo",,
19,20 June 1982,Group 2,West Germany,Chile,4-1,,"El Molinón, Gijón",,
22,21 June 1982,Group 2,Algeria,Austria,0-2,,"Estadio Carlos Tartiere, Oviedo",,
31,24 June 1982,Group 2,Algeria,Chile,3-2,,"Estadio Carlos Tartiere, Oviedo",,
34,25 June 1982,Group 2,West Germany,Austria,1-0,,"El Molinón, Gijón",,
1,13 June 1982,Group 3,Argentina,Belgium,0-1,,"Camp Nou, Barcelona",,
5,15 June 1982,Group 3,Hungary,El Salvador,10-1,,"Nuevo Estadio, Elche",,
14,18 June 1982,Group 3,Argentina,Hungary,4-1,,"Estadio José Rico Pérez, Alicante",,
17,19 June 1982,Group 3,Belgium,El Salvador,1-0,,"Nuevo Estadio, Elche",,
26,22 June 1982,Group 3,Belgium,Hungary,1-1,,"Nuevo Estadio, Elche",,
29,23 June 1982,Group 3,Argentina,El Salvador,2-0,,"Estadio José Rico Pérez, Alicante",,
8,16 June 1982,Group 4,England,France,3-1,,"Estadio San Mamés, Bilbao",,
11,17 June 1982,Group 4,Czechoslovakia,Kuwait,1-1,,"Estadio José Zorrilla, Valladolid",,
20,20 June 1982,Group 4,England,Czechoslovakia,2-0,,"Estadio San Mamés, Bilbao",,
23,21 June 1982,Group 4,France,Kuwait,4-1,,"Estadio José Zorrilla, Valladolid",,
32,24 June 1982,Group 4,France,Czechoslovakia,1-1,,"Estadio José Zorrilla, Valladolid",,
35,25 June 1982,Group 4,England,Kuwait,1-0,,"Estadio San Mamés, Bilbao",,
9,16 June 1982,Group 5,Spain,Honduras,1-1,,"Estadio Luis Casanova, Valencia",,
12,17 June 1982,Group 5,Yugoslavia,Northern Ireland,0-0,,"La Romareda, Zaragoza",,
21,20 June 1982,Group 5,Spain,Yugoslavia,2-1,,"Estadio Luis Casanova, Valencia",,
24,21 June 1982,Group 5,Honduras,Northern Ireland,1-1,,"La Romareda, Zaragoza",,
33,24 June 1982,Group 5,Honduras,Yugoslavia,0-1,,"La Romareda, Zaragoza",,
36,25 June 1982,Group 5,Spain,Northern Ireland,0-1,,"Estadio Luis Casanova, Valencia",,
3,14 June 1982,Group 6,Brazil,Soviet Union,2-1,,"Estadio Ramón Sánchez Pizjuán, Seville",,
6,15 June 1982,Group 6,Scotland,New Zealand,5-2,,"Estadio La Rosaleda, Málaga",,
15,18 June 1982,Group 6,Brazil,Scotland,4-1,,"Estadio Benito Villamarín, Seville",,
18,19 June 1982,Group 6,Soviet Union,New Zealand,3-0,,"Estadio La Rosaleda, Málaga",,
27,22 June 1982,Group 6,Soviet Union,Scotland,2-2,,"Estadio La Rosaleda, Málaga",,
30,23 June 1982,Group 6,Brazil,New Zealand,4-0,,"Estadio Benito Villamarín, Seville",,
38,28 June 1982,Group A,Poland,Belgium,3-0,,"Camp Nou, Barcelona",,
42,1 July 1982,Group A,Belgium,Soviet Union,0-1,,"Camp Nou, Barcelona",,
46,4 July 1982,Group A,Soviet Union,Poland,0-0,,"Camp Nou, Barcelona",,
40,29 June 1982,Group B,West Germany,England,0-0,,"Estadio Santiago Bernabéu, Madrid",,
44,2 July 1982,Group B,West Germany,Spain,2-1,,"Estadio Santiago Bernabéu, Madrid",,
48,5 July 1982,Group B,Spain,England,0-0,,"Estadio Santiago Bernabéu, Madrid",,
39,29 June 1982,Group C,Italy,Argentina,2-1,,"Estadio Sarriá, Barcelona",,
43,2 July 1982,Group C,Argentina,Brazil,1-3,,"Estadio Sarriá, Barcelona",,
47,5 July 1982,Group C,Italy,Brazil,3-2,,"Estadio Sarriá, Barcelona",,
37,28 June 1982,Group D,Austria,France,0-1,,"Estadio Vicente Calderón, Madrid",,
41,1 July 1982,Group D,Austria,Northern Ireland,2-2,,"Estadio Vicente Calderón, Madrid",,
45,4 July 1982,Group D,Northern Ireland,France,1-4,,"Estadio Vicente Calderón, Madrid",,
49,8 July 1982,Semi finals,Poland,Italy,0-2,,"Camp Nou, Barcelona",,
50,8 July 1982,Semi finals,West Germany,France,5-4 pen. 3-3 a.e.t. (1-1),(1-1),"Estadio Ramón Sánchez Pizjuán, Seville",,
51,10 July 1982,Third place match,Poland,France,3-2,,"Estadio José Rico Pérez, Alicante",,
52,11 July 1982,Final,Italy,West Germany,3-1,,Estadio Santiago Bernabéu,,
37,15 June 1986,Round of 16,Mexico,Bulgaria,2-0,,"Estadio Azteca, Mexico City",,
38,15 June 1986,Round of 16,Soviet Union,Belgium,3-4 a.e.t. (2-2),(2-2),"Estadio Nou Camp, León",,
39,16 June 1986,Round of 16,Argentina,Uruguay,1-0,,"Estadio Cuauhtémoc, Puebla",,
40,16 June 1986,Round of 16,Brazil,Poland,4-0,,"Estadio Jalisco, Guadalajara",,
41,17 June 1986,Round of 16,Italy,France,0-2,,"Estadio Olímpico Universitario, Mexico City",,
42,17 June 1986,Round of 16,Morocco,West Germany,0-1,,"Estadio Universitario, Monterrey",,
43,18 June 1986,Round of 16,England,Paraguay,3-0,,"Estadio Azteca, Mexico City",,
44,18 June 1986,Round of 16,Denmark,Spain,1-5,,"Estadio La Corregidora, Querétaro",,
45,21 June 1986,Quarter finals,Brazil,France,3-4pen 1-1aet (1-1),(1-1),"Estadio Jalisco, Guadalajara",,
46,21 June 1986,Quarter finals,West Germany,Mexico,4-1pen 0-0 (0-0),(0-0),"Estadio Universitario, Monterrey",,
47,22 June 1986,Quarter finals,Spain,Belgium,4-5pen 1-1 (1-1),(1-1),"Estadio Cuauhtémoc, Puebla",,
48,22 June 1986,Quarter finals,Argentina,England,2-1,,"Estadio Azteca, Mexico City",,
49,25 June 1986,Semi finals,Argentina,Belgium,2-0,,"Estadio Azteca, Mexico City",,
50,25 June 1986,Semi finals,France,West Germany,0-2,,"Estadio Jalisco, Guadalajara",,
51,28 June 1986,Third place match,France,Belgium,4-2aet (2-2),(2-2),"Estadio Cuauhtémoc, Puebla",,
52,29 June 1986,Final,Argentina,West Germany,3-2,,"Estadio Azteca, Mexico City",,
1,31 May 1986,Group A,Bulgaria,Italy,1-1,,"Estadio Azteca, Mexico City",,
4,2 June 1986,Group A,Argentina,South Korea,3-1,,"Estadio Olímpico Universitario, Mexico City",,
13,5 June 1986,Group A,Italy,Argentina,1-1,,"Estadio Cuauhtémoc, Puebla",,
14,5 June 1986,Group A,South Korea,Bulgaria,1-1,,"Estadio Olímpico Universitario, Mexico City",,
27,10 June 1986,Group A,South Korea,Italy,2-3,,"Estadio Cuauhtémoc, Puebla",,
28,10 June 1986,Group A,Argentina,Bulgaria,2-0,,"Estadio Olímpico Universitario, Mexico City",,
7,3 June 1986,Group B,Belgium,Mexico,1-2,,"Estadio Azteca, Mexico City",,
10,4 June 1986,Group B,Paraguay,Iraq,1-0,,"Estadio Nemesio Díez, Toluca",,
19,7 June 1986,Group B,Mexico,Paraguay,1-1,,"Estadio Azteca, Mexico City",,
22,8 June 1986,Group B,Iraq,Belgium,1-2,,"Estadio Nemesio Díez, Toluca",,
29,11 June 1986,Group B,Iraq,Mexico,0-1,,"Estadio Azteca, Mexico City",,
30,11 June 1986,Group B,Paraguay,Belgium,2-2,,"Estadio Nemesio Díez, Toluca",,
2,1 June 1986,Group C,Canada,France,0-1,,"Estadio Nou Camp, León",,
5,2 June 1986,Group C,Soviet Union,Hungary,6-0,,"Estadio Sergio León Chavez, Irapuato",,
15,5 June 1986,Group C,France,Soviet Union,1-1,,"Estadio Nou Camp, León",,
16,6 June 1986,Group C,Hungary,Canada,2-0,,"Estadio Sergio León Chavez, Irapuato",,
25,9 June 1986,Group C,Hungary,France,0-3,,"Estadio Nou Camp, León",,
26,9 June 1986,Group C,Soviet Union,Canada,2-0,,"Estadio Sergio León Chavez, Irapuato",,
3,1 June 1986,Group D,Spain,Brazil,0-1,,"Estadio Jalisco, Guadalajara",,
8,3 June 1986,Group D,Algeria,Northern Ireland,1-1,,"Estadio Tres de Marzo, Guadalajara",,
17,6 June 1986,Group D,Brazil,Algeria,1-0,,"Estadio Jalisco, Guadalajara",,
20,7 June 1986,Group D,Northern Ireland,Spain,1-2,,"Estadio Tres de Marzo, Guadalajara",,
33,12 June 1986,Group D,Northern Ireland,Brazil,0-3,,"Estadio Jalisco, Guadalajara",,
34,12 June 1986,Group D,Algeria,Spain,0-3,,"Estadio Tecnológico, Monterrey",,
11,4 June 1986,Group E,Uruguay,West Germany,1-1,,"Estadio La Corregidora, Querétaro",,
12,4 June 1986,Group E,Scotland,Denmark,0-1,,"Estadio Neza 86, Nezahualcóyotl",,
23,8 June 1986,Group E,West Germany,Scotland,2-1,,"Estadio La Corregidora, Querétaro",,
24,8 June 1986,Group E,Denmark,Uruguay,6-1,,"Estadio Neza 86, Nezahualcóyotl",,
35,13 June 1986,Group E,Denmark,West Germany,2-0,,"Estadio La Corregidora, Querétaro",,
36,13 June 1986,Group E,Scotland,Uruguay,0-0,,"Estadio Neza 86, Nezahualcóyotl",,
6,2 June 1986,Group F,Morocco,Poland,0-0,,"Estadio Universitario, Monterrey",,
9,3 June 1986,Group F,Portugal,England,1-0,,"Estadio Tecnológico, Monterrey",,
18,6 June 1986,Group F,England,Morocco,0-0,,"Estadio Tecnológico, Monterrey",,
21,7 June 1986,Group F,Poland,Portugal,1-0,,"Estadio Universitario, Monterrey",,
31,11 June 1986,Group F,Portugal,Morocco,1-3,,"Estadio Tres de Marzo, Guadalajara",,
32,11 June 1986,Group F,England,Poland,3-0,,"Estadio Tecnológico, Monterrey",,
37,23 June 1990,Round of 16,Cameroon,Colombia,2-1 a.e.t. (0-0),(0-0),"Stadio San Paolo, Naples",,
38,23 June 1990,Round of 16,Czechoslovakia,Costa Rica,4-1,,"Stadio San Nicola, Bari",,
39,24 June 1990,Round of 16,Brazil,Argentina,0-1,,"Stadio Delle Alpi, Turin",,
40,24 June 1990,Round of 16,West Germany,Netherlands,2-1,,"San Siro, Milan",,
41,25 June 1990,Round of 16,Ireland,Romania,5-4pen 0-0 a.e.t. (0-0),(0-0),"Stadio Luigi Ferraris, Genoa",,
42,25 June 1990,Round of 16,Italy,Uruguay,2-0,,"Stadio Olimpico, Rome",,
43,26 June 1990,Round of 16,Spain,Yugoslavia,1-2 a.e.t. (1-1),(1-1),"Stadio Marc'Antonio Bentegodi, Verona",,
44,26 June 1990,Round of 16,England,Belgium,1-0 a.e.t. (0-0),(0-0),"Stadio Renato Dall'Ara, Bologna",,
45,30 June 1990,Quarter finals,Yugoslavia,Argentina,2-3pen 0-0 a.e.t. (0-0),(0-0),"Stadio Artemio Franchi, Florence",,
46,30 June 1990,Quarter finals,Italy,Ireland,1-0,,"Stadio Olimpico, Rome",,
47,1 July 1990,Quarter finals,West Germany,Czechoslovakia,1-0,,"San Siro, Milan",,
48,1 July 1990,Quarter finals,England,Cameroon,3-2 a.e.t. (2-2),(2-2),"Stadio San Paolo, Naples",,
49,3 July 1990,Semi finals,Italy,Argentina,3-4pen 1-1 a.e.t. (1-1),(1-1),"Stadio San Paolo, Naples", Schillaci 17',Caniggia 67'
50,4 July 1990,Semi finals,West Germany,England,4-3pen 1-1 a.e.t. (1-1),(1-1),"Stadio delle Alpi, Turin", Brehme 60',Lineker 80'
51,7 July 1990,Third place match,Italy,England,2-1,,"Stadio San Nicola, Bari", Baggio 71' Schillaci 86' (pen.),Platt 81'
52,8 July 1990,Final,West Germany,Argentina,1-0,,"Stadio Olimpico, Rome", Brehme 85' (pen.),
3,9 June 1990,Group A,Italy,Austria,1-0,,"Stadio Olimpico, Rome",,
5,10 June 1990,Group A,United States,Czechoslovakia,1-5,,"Stadio Comunale, Florence",,
15,14 June 1990,Group A,Italy,United States,1-0,,"Stadio Olimpico, Rome",,
17,15 June 1990,Group A,Austria,Czechoslovakia,0-1,,"Stadio Comunale, Florence",,
29,19 June 1990,Group A,Italy,Czechoslovakia,2-0,,"Stadio Olimpico, Rome",,
30,19 June 1990,Group A,Austria,United States,2-1,,"Stadio Comunale, Florence",,
1,8 June 1990,Group B,Argentina,Cameroon,0-1,,"San Siro, Milan",,
2,9 June 1990,Group B,Soviet Union,Romania,0-2,,"Stadio San Nicola, Bari",,
13,13 June 1990,Group B,Argentina,Soviet Union,2-0,,"Stadio San Paolo, Naples",,
16,14 June 1990,Group B,Cameroon,Romania,2-1,,"Stadio San Nicola, Bari",,
25,18 June 1990,Group B,Argentina,Romania,1-1,,"Stadio San Paolo, Naples",,
26,18 June 1990,Group B,Cameroon,Soviet Union,0-4,,"Stadio San Nicola, Bari",,
6,10 June 1990,Group C,Brazil,Sweden,2-1,,"Stadio Delle Alpi, Turin",,
8,11 June 1990,Group C,Costa Rica,Scotland,1-0,,"Stadio Luigi Ferraris, Genoa",,
19,16 June 1990,Group C,Brazil,Costa Rica,1-0,,"Stadio Delle Alpi, Turin",,
20,16 June 1990,Group C,Sweden,Scotland,1-2,,"Stadio Luigi Ferraris, Genoa",,
31,20 June 1990,Group C,Brazil,Scotland,1-0,,"Stadio Delle Alpi, Turin",,
32,20 June 1990,Group C,Sweden,Costa Rica,1-2,,"Stadio Luigi Ferraris, Genoa",,
4,9 June 1990,Group D,United Arab,Colombia,0-2,,"Stadio Renato Dall'Ara, Bologna",,
7,10 June 1990,Group D,West Germany,Yugoslavia,4-1,,"San Siro, Milan",,
14,14 June 1990,Group D,Yugoslavia,Colombia,1-0,,"Stadio Renato Dall'Ara, Bologna",,
18,15 June 1990,Group D,West Germany,Arab Emirates,5-1,,"San Siro, Milan",,
27,19 June 1990,Group D,West Germany,Colombia,1-1,,"San Siro, Milan",,
28,19 June 1990,Group D,Yugoslavia,Arab Emirates,4-1,,"Stadio Renato Dall'Ara, Bologna",,
10,12 June 1990,Group E,Belgium,South Korea,2-0,,"Stadio Marc'Antonio Bentegodi, Verona",,
12,13 June 1990,Group E,Uruguay,Spain,0-0,,"Stadio Friuli, Udine",,
23,17 June 1990,Group E,Belgium,Uruguay,3-1,,"Stadio Marc'Antonio Bentegodi, Verona",,
24,17 June 1990,Group E,South Korea,Spain,1-3,,"Stadio Friuli, Udine",,
33,21 June 1990,Group E,Belgium,Spain,1-2,,"Stadio Marc'Antonio Bentegodi, Verona",,
34,21 June 1990,Group E,South Korea,Uruguay,0-1,,"Stadio Friuli, Udine",,
9,11 June 1990,Group F,England,Ireland,1-1,,"Stadio Sant'Elia, Cagliari",,
11,12 June 1990,Group F,Netherlands,Egypt,1-1,,"Stadio La Favorita, Palermo",,
21,16 June 1990,Group F,England,Netherlands,0-0,,"Stadio Sant'Elia, Cagliari",,
22,17 June 1990,Group F,Ireland,Egypt,0-0,,"Stadio La Favorita, Palermo",,
35,21 June 1990,Group F,England,Egypt,1-0,,"Stadio Sant'Elia, Cagliari",,
36,21 June 1990,Group F,Ireland,Netherlands,1-1,,"Stadio La Favorita, Palermo",,
37,2 July 1994,Round of 16,Germany,Belgium,3-2,,"Soldier Field, Chicago",,
38,2 July 1994,Round of 16,Spain,Switzerland,3-0,,"RFK Stadium, Washington",,
39,3 July 1994,Round of 16,Saudi Arabia,Sweden,1-3,,"Cotton Bowl, Dallas",,
40,3 July 1994,Round of 16,Romania,Argentina,3-2,,"Rose Bowl, Pasadena",,
41,4 July 1994,Round of 16,Netherlands,Ireland,2-0,,"Citrus Bowl, Orlando",,
42,4 July 1994,Round of 16,Brazil,United States,1-0,,"Stanford Stadium, Stanford",,
43,5 July 1994,Round of 16,Nigeria,Italy,1-2 a.e.t. (1-1),(1-1),"Foxboro Stadium, Foxborough",,
44,5 July 1994,Round of 16,Mexico,Bulgaria,1-3 pen. 1-1 a.e.t. (1-1),(1-1),"Giants Stadium, East Rutherford",,
45,9 July 1994,Quarter finals,Italy,Spain,2-1,,"Foxboro Stadium, Foxborough",,
46,9 July 1994,Quarter finals,Netherlands,Brazil,2-3,,"Cotton Bowl, Dallas",,
47,10 July 1994,Quarter finals,Bulgaria,Germany,2-1,,"Giants Stadium, East Rutherford",,
48,10 July 1994,Quarter finals,Romania,Sweden,4-5 pen. 2-2 a.e.t. (1-1),(1-1),"Stanford Stadium, Stanford",,
49,13 July 1994,Semi finals,Bulgaria,Italy,1-2,,"Giants Stadium, East Rutherford",,
50,13 July 1994,Semi finals,Sweden,Brazil,0-1,,"Rose Bowl, Pasadena",,
51,16 July 1994,Third place match,Sweden,Bulgaria,4-0,,"Rose Bowl, Pasadena",,
52,17 July 1994,Final,Brazil,Italy,3-2 pen. 0-0 a.e.t. (0-0),(0-0),"Rose Bowl, Pasadena",,
3,18 June 1994,Group A,United States,Switzerland,1-1,,"Pontiac Silverdome, Pontiac",,
5,18 June 1994,Group A,Colombia,Romania,1-3,,"Rose Bowl, Pasadena",,
14,22 June 1994,Group A,Romania,Switzerland,1-4,,"Pontiac Silverdome, Pontiac",,
15,22 June 1994,Group A,United States,Colombia,2-1,,"Rose Bowl, Pasadena",,
25,26 June 1994,Group A,United States,Romania,0-1,,"Rose Bowl, Pasadena",,
26,26 June 1994,Group A,Switzerland,Colombia,0-2,,"Stanford Stadium, Stanford",,
8,19 June 1994,Group B,Cameroon,Sweden,2-2,,"Rose Bowl, Pasadena",,
9,20 June 1994,Group B,Brazil,Russia,2-0,,"Stanford Stadium, Stanford",,
19,24 June 1994,Group B,Brazil,Cameroon,3-0,,"Stanford Stadium, Stanford",,
20,24 June 1994,Group B,Sweden,Russia,3-1,,"Pontiac Silverdome, Pontiac",,
31,28 June 1994,Group B,Russia,Cameroon,6-1,,"Stanford Stadium, Stanford",,
32,28 June 1994,Group B,Brazil,Sweden,1-1,,"Pontiac Silverdome, Pontiac",,
1,17 June 1994,Group C,Germany,Bolivia,1-0,,"Soldier Field, Chicago",,
2,17 June 1994,Group C,Spain,South Korea,2-2,,"Cotton Bowl, Dallas",,
12,21 June 1994,Group C,Germany,Spain,1-1,,"Soldier Field, Chicago",,
17,23 June 1994,Group C,South Korea,Bolivia,0-0,,"Foxboro Stadium, Foxborough",,
27,27 June 1994,Group C,Bolivia,Spain,1-3,,"Soldier Field, Chicago",,
28,27 June 1994,Group C,Germany,South Korea,3-2,,"Cotton Bowl, Dallas",,
11,21 June 1994,Group D,Argentina,Greece,4-0,,"Foxboro Stadium, Foxborough",,
13,21 June 1994,Group D,Nigeria,Bulgaria,3-0,,"Cotton Bowl, Dallas",,
23,25 June 1994,Group D,Argentina,Nigeria,2-1,,"Foxboro Stadium, Foxborough",,
24,26 June 1994,Group D,Greece,Bulgaria,0-4,,"Soldier Field, Chicago",,
35,30 June 1994,Group D,Greece,Nigeria,0-2,,"Foxboro Stadium, Foxborough",,
36,30 June 1994,Group D,Argentina,Bulgaria,0-2,,"Cotton Bowl, Dallas",,
4,18 June 1994,Group E,Italy,Ireland,0-1,,"Giants Stadium, East Rutherford",,
7,19 June 1994,Group E,Norway,Mexico,1-0,,"RFK Stadium, Washington",,
16,23 June 1994,Group E,Italy,Norway,1-0,,"Giants Stadium, East Rutherford",,
18,24 June 1994,Group E,Mexico,Ireland,2-1,,"Citrus Bowl, Orlando",,
29,28 June 1994,Group E,Ireland,Norway,0-0,,"Giants Stadium, East Rutherford",,
30,28 June 1994,Group E,Italy,Mexico,1-1,,"RFK Stadium, Washington",,
6,19 June 1994,Group F,Belgium,Morocco,1-0,,"Citrus Bowl, Orlando",,
10,20 June 1994,Group F,Netherlands,Saudi Arabia,2-1,,"RFK Stadium, Washington",,
21,25 June 1994,Group F,Belgium,Netherlands,1-0,,"Citrus Bowl, Orlando",,
22,25 June 1994,Group F,Saudi Arabia,Morocco,2-1,,"Giants Stadium, East Rutherford",,
33,29 June 1994,Group F,Morocco,Netherlands,1-2,,"Citrus Bowl, Orlando",,
34,29 June 1994,Group F,Belgium,Saudi Arabia,0-1,,"RFK Stadium, Washington",,
49,27 June 1998,Round of 16,Brazil,Chile,4-1,,"Parc des Princes, Paris",,
50,27 June 1998,Round of 16,Italy,Norway,1-0,,"Stade Vélodrome, Marseille",,
51,28 June 1998,Round of 16,Nigeria,Denmark,1-4,,"Stade de France, Saint-Denis",,
52,28 June 1998,Round of 16,France,Paraguay,1-0 a.e.t. (0-0),(0-0),"Stade Félix Bollaert, Lens",,
53,29 June 1998,Round of 16,Germany,Mexico,2-1,,"Stade de la Mosson, Montpellier",,
54,29 June 1998,Round of 16,Netherlands,Yugoslavia,2-1,,"Stade de Toulouse, Toulouse",,
55,30 June 1998,Round of 16,Argentina,England,4-3pen 2-2aet (2-2),(2-2),"Stade Geoffroy-Guichard, Saint-Étienne",,
56,30 June 1998,Round of 16,Romania,Croatia,0-1,,"Parc Lescure, Bordeaux",,
57,3 July 1998,Quarter finals,Italy,France,3-4pen 0-0 (0-0),(0-0),"Stade de France, Saint-Denis",,
58,3 July 1998,Quarter finals,Brazil,Denmark,3-2,,"Stade de la Beaujoire, Nantes",,
59,4 July 1998,Quarter finals,Germany,Croatia,0-3,,"Stade Gerland, Lyon",,
60,4 July 1998,Quarter finals,Netherlands,Argentina,2-1,,"Stade Vélodrome, Marseille",,
61,7 July 1998,Semi finals,Brazil,Netherlands,4-2pen 1-1aet (1-1),(1-1),"Stade Vélodrome, Marseille",,
62,8 July 1998,Semi finals,France,Croatia,2-1,,"Stade de France, Saint-Denis",,
63,11 July 1998,Third place match,Netherlands,Croatia,1-2,,"Parc des Princes, Paris",,
64,12 July 1998,Final,Brazil,France,0-3,,"Stade de France, Saint-Denis",,
1,10 June 1998,Group A,Brazil,Scotland,2-1,,"Stade de France, Saint-Denis",,
2,10 June 1998,Group A,Morocco,Norway,2-2,,"Stade de la Mosson, Montpellier",,
17,16 June 1998,Group A,Scotland,Norway,1-1,,"Parc Lescure, Bordeaux",,
18,16 June 1998,Group A,Brazil,Morocco,3-0,,"Stade de la Beaujoire, Nantes",,
34,23 June 1998,Group A,Scotland,Morocco,0-3,,"Stade Geoffroy-Guichard, Saint-Étienne",,
35,23 June 1998,Group A,Brazil,Norway,1-2,,"Stade Vélodrome, Marseille",,
3,11 June 1998,Group B,Cameroon,Austria,1-1,,"Stade de Toulouse, Toulouse",,
4,11 June 1998,Group B,Italy,Chile,2-2,,"Parc Lescure, Bordeaux",,
19,17 June 1998,Group B,Chile,Austria,1-1,,"Stade Geoffroy-Guichard, Saint-Étienne",,
20,17 June 1998,Group B,Italy,Cameroon,3-0,,"Stade de la Mosson, Montpellier",,
33,23 June 1998,Group B,Italy,Austria,2-1,,"Stade de France, Saint-Denis",,
36,23 June 1998,Group B,Chile,Cameroon,1-1,,"Stade de la Beaujoire, Nantes",,
5,12 June 1998,Group C,Saudi Arabia,Denmark,0-1,,"Stade Félix Bollaert, Lens",,
6,12 June 1998,Group C,France,South Africa,3-0,,"Stade Vélodrome, Marseille",,
21,18 June 1998,Group C,France,Saudi Arabia,4-0,,"Stade de France, Saint-Denis",,
22,18 June 1998,Group C,South Africa,Denmark,1-1,,"Stade de Toulouse, Toulouse",,
38,24 June 1998,Group C,France,Denmark,2-1,,"Stade Gerland, Lyon",,
40,24 June 1998,Group C,South Africa,Saudi Arabia,2-2,,"Parc Lescure, Bordeaux",,
7,12 June 1998,Group D,Paraguay,Bulgaria,0-0,,"Stade de la Mosson, Montpellier",,
10,13 June 1998,Group D,Spain,Nigeria,2-3,,"Stade de la Beaujoire, Nantes",,
23,19 June 1998,Group D,Nigeria,Bulgaria,1-0,,"Parc des Princes, Paris",,
24,19 June 1998,Group D,Spain,Paraguay,0-0,,"Stade Geoffroy-Guichard, Saint-Étienne",,
37,24 June 1998,Group D,Spain,Bulgaria,6-1,,"Stade Félix Bollaert, Lens",,
39,24 June 1998,Group D,Nigeria,Paraguay,1-3,,"Stade de Toulouse, Toulouse",,
8,13 June 1998,Group E,Netherlands,Belgium,0-0,,"Stade de France, Saint-Denis",,
9,13 June 1998,Group E,South Korea,Mexico,1-3,,"Stade Gerland, Lyon",,
25,20 June 1998,Group E,Netherlands,South Korea,5-0,,"Stade Vélodrome, Marseille",,
26,20 June 1998,Group E,Belgium,Mexico,2-2,,"Parc Lescure, Bordeaux",,
41,25 June 1998,Group E,Belgium,South Korea,1-1,,"Parc des Princes, Paris",,
42,25 June 1998,Group E,Netherlands,Mexico,2-2,,"Stade Geoffroy-Guichard, Saint-Étienne",,
12,14 June 1998,Group F,Yugoslavia,Iran,1-0,,"Stade Geoffroy-Guichard, Saint-Étienne",,
14,15 June 1998,Group F,Germany,United States,2-0,,"Parc des Princes, Paris",,
29,21 June 1998,Group F,Germany,Yugoslavia,2-2,,"Stade Félix Bollaert, Lens",,
30,21 June 1998,Group F,United States,Iran,1-2,,"Stade Gerland, Lyon",,
43,25 June 1998,Group F,Germany,Iran,2-0,,"Stade de la Mosson, Montpellier",,
44,25 June 1998,Group F,United States,Yugoslavia,0-1,,"Stade de la Beaujoire, Nantes",,
15,15 June 1998,Group G,Romania,Colombia,1-0,,"Stade Gerland, Lyon",,
16,15 June 1998,Group G,England,Tunisia,2-0,,"Stade Vélodrome, Marseille",,
31,22 June 1998,Group G,Colombia,Tunisia,1-0,,"Stade de la Mosson, Montpellier",,
32,22 June 1998,Group G,Romania,England,2-1,,"Stade de Toulouse, Toulouse",,
45,26 June 1998,Group G,Romania,Tunisia,1-1,,"Stade de France, Saint-Denis",,
46,26 June 1998,Group G,Colombia,England,0-2,,"Stade Félix Bollaert, Lens",,
11,14 June 1998,Group H,Jamaica,Croatia,1-3,,"Stade Félix Bollaert, Lens",,
13,14 June 1998,Group H,Argentina,Japan,1-0,,"Stade de Toulouse, Toulouse",,
27,20 June 1998,Group H,Japan,Croatia,0-1,,"Stade de la Beaujoire, Nantes",,
28,21 June 1998,Group H,Argentina,Jamaica,5-0,,"Parc des Princes, Paris",,
47,26 June 1998,Group H,Japan,Jamaica,1-2,,"Stade Gerland, Lyon",,
48,26 June 1998,Group H,Argentina,Croatia,1-0,,"Parc Lescure, Bordeaux",,
49,15 June 2002,Round of 16,Germany,Paraguay,1-0,,"Jeju World Cup Stadium, Jeju",,
50,15 June 2002,Round of 16,Denmark,England,0-3,,"Niigata Stadium, Niigata",,
51,16 June 2002,Round of 16,Sweden,Senegal,1-2 a.e.t. (1-1),(1-1),"Ōita Stadium, Ōita",,
52,16 June 2002,Round of 16,Spain,Ireland,3-2 pen. 1-1 a.e.t. (1-1),(1-1),"Suwon World Cup Stadium, Suwon",,
53,17 June 2002,Round of 16,Mexico,United States,0-2,,"Jeonju World Cup Stadium, Jeonju",,
54,17 June 2002,Round of 16,Brazil,Belgium,2-0,,"Kobe Wing Stadium, Kobe",,
55,18 June 2002,Round of 16,Japan,Turkey,0-1,,"Miyagi Stadium, Miyagi",,
56,18 June 2002,Round of 16,South Korea,Italy,2-1 a.e.t. (1-1),(1-1),"Daejeon World Cup Stadium, Daejeon",,
57,21 June 2002,Quarter finals,England,Brazil,1-2,,"Shizuoka Stadium, Shizuoka",,
58,21 June 2002,Quarter finals,Germany,United States,1-0,,"Munsu Cup Stadium, Ulsan",,
59,22 June 2002,Quarter finals,Spain,South Korea,3-5 pen. 0-0 a.e.t. (0-0),(0-0),"Gwangju World Cup Stadium, Gwangju",,
60,22 June 2002,Quarter finals,Senegal,Turkey,0-1 a.e.t. (0-0),(0-0),"Nagai Stadium, Osaka",,
61,25 June 2002,Semi finals,Germany,South Korea,1-0,,"Seoul World Cup Stadium, Seoul",,
62,26 June 2002,Semi finals,Brazil,Turkey,1-0,,"Saitama Stadium, Saitama",,
63,29 June 2002,Third place play off,South Korea,Turkey,2-3,,"Daegu World Cup Stadium, Daegu",,
64,30 June 2002,Final,Germany,Brazil,0-2,,"International Stadium Yokohama, Yokohama",,
1,31 May 2002,Group A,France,Senegal,0-1,,"Seoul World Cup Stadium, Seoul",,
3,1 June 2002,Group A,Uruguay,Denmark,1-2,,"Munsu Cup Stadium, Ulsan",,
18,6 June 2002,Group A,France,Uruguay,0-0,,"Asiad Main Stadium, Busan",,
19,6 June 2002,Group A,Denmark,Senegal,1-1,,"Daegu World Cup Stadium, Daegu",,
33,11 June 2002,Group A,Denmark,France,2-0,,"Incheon Munhak Stadium, Incheon",,
34,11 June 2002,Group A,Senegal,Uruguay,3-3,,"Suwon World Cup Stadium, Suwon",,
6,2 June 2002,Group B,Paraguay,South Africa,2-2,,"Asiad Main Stadium, Busan",,
8,2 June 2002,Group B,Spain,Slovenia,3-1,,"Gwangju World Cup Stadium, Gwangju",,
22,7 June 2002,Group B,Spain,Paraguay,3-1,,"Jeonju World Cup Stadium, Jeonju",,
24,8 June 2002,Group B,South Africa,Slovenia,1-0,,"Daegu World Cup Stadium, Daegu",,
39,12 June 2002,Group B,South Africa,Spain,2-3,,"Daejeon World Cup Stadium, Daejeon",,
40,12 June 2002,Group B,Slovenia,Paraguay,1-3,,"Jeju World Cup Stadium, Jeju",,
10,3 June 2002,Group C,Brazil,Turkey,2-1,,"Munsu Cup Stadium, Ulsan",,
12,4 June 2002,Group C,China,Costa Rica,0-2,,"Gwangju World Cup Stadium, Gwangju",,
26,8 June 2002,Group C,Brazil,China,4-0,,"Jeju World Cup Stadium, Jeju",,
28,9 June 2002,Group C,Costa Rica,Turkey,1-1,,"Incheon Munhak Stadium, Incheon",,
41,13 June 2002,Group C,Costa Rica,Brazil,2-5,,"Suwon World Cup Stadium, Suwon",,
42,13 June 2002,Group C,Turkey,China,3-0,,"Seoul World Cup Stadium, Seoul",,
14,4 June 2002,Group D,South Korea,Poland,2-0,,"Asiad Main Stadium, Busan",,
16,5 June 2002,Group D,United States,Portugal,3-2,,"Suwon World Cup Stadium, Suwon",,
30,10 June 2002,Group D,South Korea,United States,1-1,,"Daegu World Cup Stadium, Daegu",,
32,10 June 2002,Group D,Portugal,Poland,4-0,,"Jeonju World Cup Stadium, Jeonju",,
47,14 June 2002,Group D,Portugal,South Korea,0-1,,"Incheon Munhak Stadium, Incheon",,
48,14 June 2002,Group D,Poland,United States,3-1,,"Daejeon World Cup Stadium, Daejeon",,
2,1 June 2002,Group E,Ireland,Cameroon,1-1,,"Niigata Stadium, Niigata",,
4,1 June 2002,Group E,Germany,Saudi Arabia,8-0,,"Sapporo Dome, Sapporo",,
17,5 June 2002,Group E,Germany,Ireland,1-1,,"Kashima Soccer Stadium, Ibaraki",,
19,6 June 2002,Group E,Cameroon,Saudi Arabia,1-0,,"Saitama Stadium, Saitama",,
35,11 June 2002,Group E,Cameroon,Germany,0-2,,"Shizuoka Stadium, Shizuoka",,
36,11 June 2002,Group E,Saudi Arabia,Ireland,0-3,,"International Stadium Yokohama, Yokohama",,
5,2 June 2002,Group F,England,Sweden,1-1,,"Saitama Stadium, Saitama",,
7,2 June 2002,Group F,Argentina,Nigeria,1-0,,"Kashima Soccer Stadium, Ibaraki",,
21,7 June 2002,Group F,Sweden,Nigeria,2-1,,"Kobe Wing Stadium, Kobe",,
23,7 June 2002,Group F,Argentina,England,0-1,,"Sapporo Dome, Sapporo",,
37,12 June 2002,Group F,Sweden,Argentina,1-1,,"Miyagi Stadium, Miyagi",,
38,12 June 2002,Group F,Nigeria,England,0-0,,"Nagai Stadium, Osaka",,
9,3 June 2002,Group G,Croatia,Mexico,0-1,,"Niigata Stadium, Niigata",,
11,3 June 2002,Group G,Italy,Ecuador,2-0,,"Sapporo Dome, Sapporo",,
25,8 June 2002,Group G,Italy,Croatia,1-2,,"Kashima Soccer Stadium, Ibaraki",,
27,9 June 2002,Group G,Mexico,Ecuador,2-1,,"Miyagi Stadium, Miyagi",,
43,13 June 2002,Group G,Mexico,Italy,1-1,,"Ōita Stadium, Ōita",,
44,13 June 2002,Group G,Ecuador,Croatia,1-0,,"International Stadium Yokohama, Yokohama",,
13,4 June 2002,Group H,Japan,Belgium,2-2,,"Saitama Stadium, Saitama",,
15,5 June 2002,Group H,Russia,Tunisia,2-0,,"Kobe Wing Stadium, Kobe",,
29,9 June 2002,Group H,Japan,Russia,1-0,,"International Stadium Yokohama, Yokohama",,
31,10 June 2002,Group H,Tunisia,Belgium,1-1,,"Ōita Stadium, Ōita",,
45,14 June 2002,Group H,Tunisia,Japan,0-2,,"Nagai Stadium, Osaka",,
46,14 June 2002,Group H,Belgium,Russia,3-2,,"Shizuoka Stadium, Shizuoka",,
49,Sat Jun/24 2006,Round of 16,Germany,Sweden,2-0 (2-0),(2-0),"Allianz Arena, München",,
50,Sat Jun/24 2006,Round of 16,Argentina,Mexico,"2-1 a.e.t. (1-1, 1-1)","(1-1, 1-1)","Zentralstadion, Leipzig",,
51,Sun Jun/25 2006,Round of 16,England,Ecuador,1-0 (0-0),(0-0),"Gottlieb-Daimler-Stadion, Stuttgart",,
52,Sun Jun/25 2006,Round of 16,Portugal,Netherlands,1-0 (1-0),(1-0),"Frankenstadion, Nürnberg",,
53,Mon Jun/26 2006,Round of 16,Italy,Australia,1-0 (0-0),(0-0),"Fritz-Walter-Stadion, Kaiserslautern",,
54,Mon Jun/26 2006,Round of 16,Switzerland,Ukraine,0-3 pen. 0-0 a.e.t. (0-0),(0-0),"RheinEnergieStadion, Köln",,
55,Tue Jun/27 2006,Round of 16,Brazil,Ghana,3-0 (2-0),(2-0),"Signal Iduna Park, Dortmund",,
56,Tue Jun/27 2006,Round of 16,Spain,France,1-3 (1-1),(1-1),"AWD-Arena, Hannover",,
57,Fri Jun/30 2006,Quarterfinals,Germany,Argentina,"4-2 pen. 1-1 a.e.t. (1-1, 0-0)","(1-1, 0-0)","Olympiastadion, Berlin",,
58,Fri Jun/30 2006,Quarterfinals,Italy,Ukraine,3-0 (1-0),(1-0),"AOL Arena, Hamburg",,
59,Sat Jul/1 2006,Quarterfinals,England,Portugal,1-3 pen. 0-0 a.e.t. (0-0),(0-0),"Veltins-Arena, Gelsenkirchen",,
60,Sat Jul/1 2006,Quarterfinals,Brazil,France,0-1 (0-0),(0-0),"Commerzbank-Arena, Frankfurt",,
61,Tue Jul/4 2006,Semifinals,Germany,Italy,0-2 a.e.t. (0-0),(0-0),"Signal Iduna Park, Dortmund", -,Grosso 119' Del Piero 120+1'
62,Wed Jul/5 2006,Semifinals,Portugal,France,0-1 (0-1),(0-1),"Allianz Arena, München", -,Zidane 33' (pen.)
63,Sat Jul/8 2006,Third place play off,Germany,Portugal,3-1 (0-0),(0-0),"Gottlieb-Daimler-Stadion, Stuttgart"," Schweinsteiger 56', 78' Petit 60' (o.g.)",Nuno Gomes 88'
64,Sun Jul/9 2006,Final,Italy,France,"5-3 pen. 1-1 a.e.t. (1-1, 1-1)","(1-1, 1-1)","Olympiastadion, Berlin", Materazzi 19',Zidane 7' (pen.)
1,Fri Jun/9 2006,Group A,Germany,Costa Rica,4-2 (2-1),(2-1),"Allianz Arena, München",,
2,Fri Jun/9 2006,Group A,Poland,Ecuador,0-2 (0-1),(0-1),"Veltins-Arena, Gelsenkirchen",,
17,Wed Jun/14 2006,Group A,Germany,Poland,1-0 (0-0),(0-0),"Signal Iduna Park, Dortmund",,
18,Thu Jun/15 2006,Group A,Ecuador,Costa Rica,3-0 (1-0),(1-0),"AOL Arena, Hamburg",,
33,Tue Jun/20 2006,Group A,Ecuador,Germany,0-3 (0-2),(0-2),"Olympiastadion, Berlin",,
34,Tue Jun/20 2006,Group A,Costa Rica,Poland,1-2 (1-1),(1-1),"AWD-Arena, Hannover",,
3,Sat Jun/10 2006,Group B,England,Paraguay,1-0 (1-0),(1-0),"Commerzbank-Arena, Frankfurt",,
4,Sat Jun/10 2006,Group B,Trinidad and,Sweden,0-0,,"Signal Iduna Park, Dortmund",,
19,Thu Jun/15 2006,Group B,England,and Tobago,2-0 (0-0),(0-0),"Frankenstadion, Nürnberg",,
20,Thu Jun/15 2006,Group B,Sweden,Paraguay,1-0 (0-0),(0-0),"Olympiastadion, Berlin",,
35,Tue Jun/20 2006,Group B,Sweden,England,2-2 (0-1),(0-1),"RheinEnergieStadion, Köln",,
36,Tue Jun/20 2006,Group B,Paraguay,and Tobago,2-0 (1-0),(1-0),"Fritz-Walter-Stadion, Kaiserslautern",,
5,Sat Jun/10 2006,Group C,Error Error,Error Error,2-1 (2-0),(2-0),"AOL Arena, Hamburg",,
6,Sun Jun/11 2006,Group C,Serbia and,Netherlands,0-1 (0-1),(0-1),"Zentralstadion, Leipzig",,
21,Fri Jun/16 2006,Group C,Argentina,and Montenegro,6-0 (3-0),(3-0),"Veltins-Arena, Gelsenkirchen",,
22,Fri Jun/16 2006,Group C,Error Error,Error Error,2-1 (2-1),(2-1),"Gottlieb-Daimler-Stadion, Stuttgart",,
37,Wed Jun/21 2006,Group C,Netherlands,Argentina,0-0,,"Commerzbank-Arena, Frankfurt",,
38,Wed Jun/21 2006,Group C,Serbia and,and Montenegro,3-2 (1-2),(1-2),"Allianz Arena, München",,
7,Sun Jun/11 2006,Group D,Mexico,Iran,3-1 (1-1),(1-1),"Frankenstadion, Nürnberg",,
8,Sun Jun/11 2006,Group D,Angola,Portugal,0-1 (0-1),(0-1),"RheinEnergieStadion, Köln",,
23,Fri Jun/16 2006,Group D,Mexico,Angola,0-0,,"AWD-Arena, Hannover",,
24,Sat Jun/17 2006,Group D,Portugal,Iran,2-0 (0-0),(0-0),"Commerzbank-Arena, Frankfurt",,
39,Wed Jun/21 2006,Group D,Portugal,Mexico,2-1 (2-1),(2-1),"Veltins-Arena, Gelsenkirchen",,
40,Wed Jun/21 2006,Group D,Iran,Angola,1-1 (0-0),(0-0),"Zentralstadion, Leipzig",,
9,Mon Jun/12 2006,Group E,Italy,Ghana,2-0 (1-0),(1-0),"AWD-Arena, Hannover",,
10,Mon Jun/12 2006,Group E,United States,Czech Republic,0-3 (0-2),(0-2),"Veltins-Arena, Gelsenkirchen",,
25,Sat Jun/17 2006,Group E,Italy,United States,1-1 (1-1),(1-1),"Fritz-Walter-Stadion, Kaiserslautern",,
26,Sat Jun/17 2006,Group E,Czech Republic,Ghana,0-2 (0-1),(0-1),"RheinEnergieStadion, Köln",,
41,Thu Jun/22 2006,Group E,Czech Republic,Italy,0-2 (0-1),(0-1),"AOL Arena, Hamburg",,
42,Thu Jun/22 2006,Group E,Ghana,United States,2-1 (2-1),(2-1),"Frankenstadion, Nürnberg",,
11,Tue Jun/13 2006,Group F,Brazil,Croatia,1-0 (1-0),(1-0),"Olympiastadion, Berlin",,
12,Mon Jun/12 2006,Group F,Australia,Japan,3-1 (0-1),(0-1),"Fritz-Walter-Stadion, Kaiserslautern",,
27,Sun Jun/18 2006,Group F,Brazil,Australia,2-0 (0-0),(0-0),"Allianz Arena, München",,
28,Sun Jun/18 2006,Group F,Japan,Croatia,0-0,,"Frankenstadion, Nürnberg",,
43,Thu Jun/22 2006,Group F,Japan,Brazil,1-4 (1-1),(1-1),"Signal Iduna Park, Dortmund",,
44,Thu Jun/22 2006,Group F,Croatia,Australia,2-2 (1-1),(1-1),"Gottlieb-Daimler-Stadion, Stuttgart",,
13,Tue Jun/13 2006,Group G,France,Switzerland,0-0,,"Gottlieb-Daimler-Stadion, Stuttgart",,
14,Tue Jun/13 2006,Group G,South Korea,Togo,2-1 (0-1),(0-1),"Commerzbank-Arena, Frankfurt",,
29,Sun Jun/18 2006,Group G,France,South Korea,1-1 (1-0),(1-0),"Zentralstadion, Leipzig",,
30,Mon Jun/19 2006,Group G,Togo,Switzerland,0-2 (0-1),(0-1),"Signal Iduna Park, Dortmund",,
45,Fri Jun/23 2006,Group G,Togo,France,0-2 (0-0),(0-0),"RheinEnergieStadion, Köln",,
46,Fri Jun/23 2006,Group G,Switzerland,South Korea,2-0 (1-0),(1-0),"AWD-Arena, Hannover",,
15,Wed Jun/14 2006,Group H,Spain,Ukraine,4-0 (2-0),(2-0),"Zentralstadion, Leipzig",,
16,Wed Jun/14 2006,Group H,Tunisia,Saudi Arabia,2-2 (1-0),(1-0),"Allianz Arena, München",,
31,Mon Jun/19 2006,Group H,Spain,Tunisia,3-1 (0-1),(0-1),"Gottlieb-Daimler-Stadion, Stuttgart",,
32,Mon Jun/19 2006,Group H,Saudi Arabia,Ukraine,0-4 (0-2),(0-2),"AOL Arena, Hamburg",,
47,Fri Jun/23 2006,Group H,Saudi Arabia,Spain,0-1 (0-1),(0-1),"Fritz-Walter-Stadion, Kaiserslautern",,
48,Fri Jun/23 2006,Group H,Ukraine,Tunisia,1-0 (0-0),(0-0),"Olympiastadion, Berlin",,
49,Sat Jun/26 2010 16:00,Round of 16,Uruguay,South Korea,2-1,,"Nelson Mandela Bay Stadium, Port Elizabeth",,
50,Sat Jun/26 2010 20:30,Round of 16,United States,Ghana,1-2 a.e.t. (1-1),(1-1),"Royal Bafokeng Stadium, Rustenburg",,
51,Sun Jun/27 2010 16:00,Round of 16,Germany,England,4-1,,"Free State Stadium, Bloemfontein",,
52,Sun Jun/27 2010 20:30,Round of 16,Argentina,Mexico,3-1,,"Soccer City, Johannesburg",,
53,Mon Jun/28 2010 16:00,Round of 16,Netherlands,Slovakia,2-1,,"Moses Mabhida Stadium, Durban",,
54,Mon Jun/28 2010 20:30,Round of 16,Brazil,Chile,3-0,,"Ellis Park Stadium, Johannesburg",,
55,Tue Jun/29 2010 16:00,Round of 16,Paraguay,Japan,5-3 pen. 0-0 a.e.t. (0-0),(0-0),"Loftus Versfeld Stadium, Pretoria",,
56,Tue Jun/29 2010 20:30,Round of 16,Spain,Portugal,1-0,,"Cape Town Stadium, Cape Town",,
57,Fri Jul/2 2010 16:00,Quarterfinals,Netherlands,Brazil,2-1,,"Nelson Mandela Bay Stadium, Port Elizabeth",,
58,Fri Jul/2 2010 20:30,Quarterfinals,Uruguay,Ghana,4-2 pen. 1-1 a.e.t. (1-1),(1-1),"Soccer City, Johannesburg",,
59,Sat Jul/3 2010 16:00,Quarterfinals,Argentina,Germany,0-4,,"Cape Town Stadium, Cape Town",,
60,Sat Jul/3 2010 20:30,Quarterfinals,Paraguay,Spain,0-1,,"Ellis Park Stadium, Johannesburg",,
61,Tue Jul/6 2010 20:30,Semifinals,Uruguay,Netherlands,2-3,,"Cape Town Stadium, Cape Town",,
62,Wed Jul/7 2010 20:30,Semifinals,Germany,Spain,0-1,,"Moses Mabhida Stadium, Durban",,
63,Sat Jul/10 2010 20:30,Third place play off,Uruguay,Germany,2-3,,"Nelson Mandela Bay Stadium, Port Elizabeth",,
64,Sun Jul/11 2010 20:30,Final,Netherlands,Spain,0-1 a.e.t. (0-0),(0-0),"Soccer City, Johannesburg",,
1,Fri Jun/11 2010 16:00,Group A,South Africa,Mexico,1-1,,"Soccer City, Johannesburg",,
2,Fri Jun/11 2010 20:30,Group A,Uruguay,France,0-0,,"Cape Town Stadium, Cape Town",,
17,Wed Jun/16 2010 20:30,Group A,South Africa,Uruguay,0-3,,"Loftus Versfeld Stadium, Pretoria",,
18,Thu Jun/17 2010 20:30,Group A,France,Mexico,0-2,,"Peter Mokaba Stadium, Polokwane",,
33,Tue Jun/22 2010 16:00,Group A,Mexico,Uruguay,0-1,,"Royal Bafokeng Stadium, Rustenburg",,
34,Tue Jun/22 2010 16:00,Group A,France,South Africa,1-2,,"Free State Stadium, Bloemfontein",,
4,Sat Jun/12 2010 13:30,Group B,South Korea,Greece,2-0,,"Nelson Mandela Bay Stadium, Port Elizabeth",,
3,Sat Jun/12 2010 16:00,Group B,Argentina,Nigeria,1-0,,"Ellis Park Stadium, Johannesburg",,
20,Thu Jun/17 2010 13:30,Group B,Argentina,South Korea,4-1,,"Soccer City, Johannesburg",,
19,Thu Jun/17 2010 16:00,Group B,Greece,Nigeria,2-1,,"Free State Stadium, Bloemfontein",,
35,Tue Jun/22 2010 20:30,Group B,Nigeria,South Korea,2-2,,"Moses Mabhida Stadium, Durban",,
36,Tue Jun/22 2010 20:30,Group B,Greece,Argentina,0-2,,"Peter Mokaba Stadium, Polokwane",,
5,Sat Jun/12 2010 20:30,Group C,England,United States,1-1,,"Royal Bafokeng Stadium, Rustenburg",,
6,Sun Jun/13 2010 13:30,Group C,Algeria,Slovenia,0-1,,"Peter Mokaba Stadium, Polokwane",,
22,Fri Jun/18 2010 16:00,Group C,Slovenia,United States,2-2,,"Ellis Park Stadium, Johannesburg",,
23,Fri Jun/18 2010 20:30,Group C,England,Algeria,0-0,,"Cape Town Stadium, Cape Town",,
38,Wed Jun/23 2010 16:00,Group C,United States,Algeria,1-0,,"Loftus Versfeld Stadium, Pretoria",,
37,Wed Jun/23 2010 16:00,Group C,Slovenia,England,0-1,,"Nelson Mandela Bay Stadium, Port Elizabeth",,
8,Sun Jun/13 2010 16:00,Group D,Serbia,Ghana,0-1,,"Loftus Versfeld Stadium, Pretoria",,
7,Sun Jun/13 2010 20:30,Group D,Germany,Australia,4-0,,"Moses Mabhida Stadium, Durban",,
21,Fri Jun/18 2010 13:30,Group D,Germany,Serbia,0-1,,"Nelson Mandela Bay Stadium, Port Elizabeth",,
24,Sat Jun/19 2010 16:00,Group D,Ghana,Australia,1-1,,"Royal Bafokeng Stadium, Rustenburg",,
40,Wed Jun/23 2010 20:30,Group D,Australia,Serbia,2-1,,"Mbombela Stadium, Nelspruit",,
39,Wed Jun/23 2010 20:30,Group D,Ghana,Germany,0-1,,"Soccer City, Johannesburg",,
9,Mon Jun/14 2010 13:30,Group E,Netherlands,Denmark,2-0,,"Soccer City, Johannesburg",,
10,Mon Jun/14 2010 16:00,Group E,Japan,Cameroon,1-0,,"Free State Stadium, Bloemfontein",,
25,Sat Jun/19 2010 13:30,Group E,Netherlands,Japan,1-0,,"Moses Mabhida Stadium, Durban",,
26,Sat Jun/19 2010 20:30,Group E,Cameroon,Denmark,1-2,,"Loftus Versfeld Stadium, Pretoria",,
43,Thu Jun/24 2010 20:30,Group E,Denmark,Japan,1-3,,"Royal Bafokeng Stadium, Rustenburg",,
44,Thu Jun/24 2010 20:30,Group E,Cameroon,Netherlands,1-2,,"Cape Town Stadium, Cape Town",,
11,Mon Jun/14 2010 20:30,Group F,Italy,Paraguay,1-1,,"Cape Town Stadium, Cape Town",,
12,Tue Jun/15 2010 13:30,Group F,New Zealand,Slovakia,1-1,,"Royal Bafokeng Stadium, Rustenburg",,
27,Sun Jun/20 2010 13:30,Group F,Slovakia,Paraguay,0-2,,"Free State Stadium, Bloemfontein",,
28,Sun Jun/20 2010 16:00,Group F,Italy,New Zealand,1-1,,"Mbombela Stadium, Nelspruit",,
41,Thu Jun/24 2010 16:00,Group F,Slovakia,Italy,3-2,,"Ellis Park Stadium, Johannesburg",,
42,Thu Jun/24 2010 16:00,Group F,Paraguay,New Zealand,0-0,,"Peter Mokaba Stadium, Polokwane",,
13,Tue Jun/15 2010 16:00,Group G,Error Error,Error Error,0-0,,"Nelson Mandela Bay Stadium, Port Elizabeth",,
14,Tue Jun/15 2010 20:30,Group G,Brazil,North Korea,2-1,,"Ellis Park Stadium, Johannesburg",,
29,Sun Jun/20 2010 20:30,Group G,Error Error,Error Error,3-1,,"Soccer City, Johannesburg",,
30,Mon Jun/21 2010 13:30,Group G,Portugal,North Korea,7-0,,"Cape Town Stadium, Cape Town",,
45,Fri Jun/25 2010 16:00,Group G,Portugal,Brazil,0-0,,"Moses Mabhida Stadium, Durban",,
46,Fri Jun/25 2010 16:00,Group G,North Korea,North Korea,0-3,,"Mbombela Stadium, Nelspruit",,
15,Wed Jun/16 2010 13:30,Group H,Honduras,Chile,0-1,,"Mbombela Stadium, Nelspruit",,
16,Wed Jun/16 2010 16:00,Group H,Spain,Switzerland,0-1,,"Moses Mabhida Stadium, Durban",,
31,Mon Jun/21 2010 16:00,Group H,Chile,Switzerland,1-0,,"Nelson Mandela Bay Stadium, Port Elizabeth",,
32,Mon Jun/21 2010 20:30,Group H,Spain,Honduras,2-0,,"Ellis Park Stadium, Johannesburg",,
47,Fri Jun/25 2010 20:30,Group H,Chile,Spain,1-2,,"Loftus Versfeld Stadium, Pretoria",,
48,Fri Jun/25 2010 20:30,Group H,Switzerland,Honduras,0-0,,"Free State Stadium, Bloemfontein",,
49,Sat Jun/28 2014 13:00,Round of 16,Brazil,Chile,"3-2 pen. 1-1 a.e.t. (1-1, 1-1)","(1-1, 1-1)","Estádio Mineirão, Belo Horizonte (UTC-3)  # 1A - 2B",David Luiz 18',Alexis Sánchez 32'
50,Sat Jun/28 2014 17:00,Round of 16,Colombia,Uruguay,2-0 (1-0),(1-0),"Estádio do Maracanã, Rio de Janeiro (UTC-3)   # 1C - 2D","James Rodríguez 28', 50'",
51,Sun Jun/29 2014 13:00,Round of 16,Netherlands,Mexico,2-1 (0-0),(0-0),"Estádio Castelão, Fortaleza (UTC-3)        # 1B - 2A",Wesley Sneijder 88' Klaas Jan Huntelaar 90' (pen),Giovani dos Santos 48'
52,Sun Jun/29 2014 17:00,Round of 16,Costa Rica,Greece,"5-3 pen. 1-1 a.e.t. (1-1, 0-0)","(1-1, 0-0)","Arena Pernambuco, Recife (UTC-3)     # 1D - 2C",Bryan Ruiz 52',Socratis Papastathopoulos 90'
53,Mon Jun/30 2014 13:00,Round of 16,France,Nigeria,2-0 (0-0),(0-0),"Estádio Nacional Mané Garrincha, Brasília (UTC-3)     # 1E - 2F",Paul Pogba 79' Joseph Yobo 90+2' (o.g.),
54,Mon Jun/30 2014 17:00,Round of 16,Germany,Algeria,"2-1 a.e.t. (0-0, 0-0)","(0-0, 0-0)","Estádio Beira-Rio, Porto Alegre (UTC-3)    # 1G - 2H",André Schürrle 92' Mesut Özil 120',Abdelmoumene Djabou 121'
55,Tue Jul/1 2014 13:00,Round of 16,Argentina,Switzerland,"1-0 a.e.t. (0-0, 0-0)","(0-0, 0-0)","Arena de São Paulo, São Paulo    # 1F - 2E",Ángel di María 118',
56,Tue Jul/1 2014 17:00,Round of 16,Belgium,United States,"2-1 a.e.t. (0-0, 0-0)","(0-0, 0-0)","Arena Fonte Nova, Salvador     # 1H - 2G",Kevin De Bruyne 93' Romelu Lukaku 105',Julian Green 107'
57,Fri Jul/4 2014 17:00,Quarter finals,Brazil,Colombia,2-1 (1-0),(1-0),"Estádio Castelão, Fortaleza    # W49 - W50",Thiago Silva 7' David Luiz 69',Rodríguez 80' (pen.)
58,Fri Jul/4 2014 13:00,Quarter finals,France,Germany,0-1 (0-1),(0-1),"Estádio do Maracanã, Rio de Janeiro (UTC-3)   # W53 - W54",-,Mats Hummels 13'
59,Sat Jul/5 2014 17:00,Quarter finals,Netherlands,Costa Rica,"4-3 pen. 0-0 a.e.t. (0-0, 0-0)","(0-0, 0-0)","Arena Fonte Nova, Salvador (UTC-3)    # W51 - W52",,
60,Sat Jul/5 2014 13:00,Quarter finals,Argentina,Belgium,1-0 (1-0),(1-0),"Estádio Nacional Mané Garrincha, Brasília (UTC-3)    # W55 - W56",Gonzalo Higuaín 8',
61,Tue Jul/8 2014 17:00,Semi finals,Brazil,Germany,1-7 (0-5),(0-5),"Estádio Mineirão, Belo Horizonte (UTC-3)   # W57 - W58",Oscar 90',"Thomas Müller 11' Miroslav Klose 23' Toni Kroos 24', 26' Sami Khedira 29' Andre Schürrle 69', 79'"
62,Wed Jul/9 2014 17:00,Semi finals,Netherlands,Argentina,"2-4 pen. 0-0 a.e.t. (0-0, 0-0)","(0-0, 0-0)","Arena de São Paulo, São Paulo (UTC-3)    # W59 - W69",,
63,Sat Jul/12 2014 17:00,Semi finals,Brazil,Netherlands,0-3 (0-2),(0-2),"Estádio Nacional Mané Garrincha, Brasília (UTC-3)   # L61 - L62",-,Robin Van Persie 3' (pen.) Daley Blind 17' Georginio Wijnaldum 90+1'
64,Sun Jul/13 2014 16:00,Final,Germany,Argentina,"1-0 a.e.t. (0-0, 0-0)","(0-0, 0-0)","Estádio do Maracanã, Rio de Janeiro (UTC-3)   # W61 - W62",Mario Götze 113',
1,Thu Jun/12 2014 17:00,Group A,Brazil,Croatia,3-1 (1-1),(1-1),"Arena de São Paulo, São Paulo (UTC-3)","Neymar 29', 71' (pen.) Oscar 90+1'",Marcelo 11' (o.g.)
2,Fri Jun/13 2014 13:00,Group A,Mexico,Cameroon,1-0 (0-0),(0-0),"Estádio das Dunas, Natal (UTC-3)",Oribe Peralta 61',
17,Tue Jun/17 2014 16:00,Group A,Brazil,Mexico,0-0,,"Estádio Castelão, Fortaleza (UTC-3)",,
18,Wed Jun/18 2014 18:00,Group A,Cameroon,Croatia,0-4,,"Arena Amazônia, Manaus (UTC-4)",-,"Ivica Olić 11' Ivan Perišić 48' Mario Mandžukić 61', 73'"
33,Mon Jun/23 2014 17:00,Group A,Cameroon,Brazil,1-4,,"Estádio Nacional Mané Garrincha, Brasília (UTC-3)",Joel Matip 26',"Neymar 17', 35' Fred 49' Fernandinho 84'"
34,Mon Jun/23 2014 17:00,Group A,Croatia,Mexico,1-3,,"Arena Pernambuco, Recife (UTC-3)",Ivan Perišić 87',Rafael Márquez 72' Andres Guardado 75' Javier Hernández 82'
3,Fri Jun/13 2014 16:00,Group B,Spain,Netherlands,1-5 (1-1),(1-1),"Arena Fonte Nova, Salvador (UTC-3)",Xabi Alonso 27' (pen.),"Robin Van Persie  44', 72' Arjen Robben 53', 80' Stefan De Vrij 65'"
4,Fri Jun/13 2014 18:00,Group B,Chile,Australia,3-1 (2-1),(2-1),"Arena Pantanal, Cuiabá (UTC-4)",Alexis Sánchez 12' Jorge Valdívia 14' Jean Beausejour 90+2',Cahill 35'
19,Wed Jun/18 2014 16:00,Group B,Spain,Chile,0-2,,"Estádio do Maracanã, Rio de Janeiro (UTC-3)",-,Eduardo Vargas 20' Charles Aránguiz 43'
20,Wed Jun/18 2014 13:00,Group B,Australia,Netherlands,2-3,,"Estádio Beira-Rio, Porto Alegre (UTC-3)",Tim Cahill 21' Mile Jedinak 54' (pen.),Arjen Robben 20' Robin Van Persie 58' Memphis Depay 68'
35,Mon Jun/23 2014 13:00,Group B,Australia,Spain,0-3,,"Arena da Baixada, Curitiba (UTC-3)",-,David Villa 36' Fernando Torres 69' Juan Mata 82'
36,Mon Jun/23 2014 13:00,Group B,Netherlands,Chile,2-0,,"Arena de São Paulo, São Paulo (UTC-3)",Leroy Fer 77' Memphis Depay 90+2',
5,Sat Jun/14 2014 13:00,Group C,Colombia,Greece,3-0,,"Estádio Mineirão, Belo Horizonte (UTC-3)",Pablo Armero 5' Teofilo Gutiérrez 58' James Rodríguez 90+3',
6,Sat Jun/14 2014 22:00,Group C,Error Error,Error Error,2-1,,"Arena Pernambuco, Recife (UTC-3)",Wilfried Bony 64' Gervinho 66',Keisuke Honda 16'
21,Thu Jun/19 2014 13:00,Group C,Error Error,Error Error,2-1,,"Estádio Nacional Mané Garrincha, Brasília (UTC-3)","James Rodríguez 64', Juan Quintero 70'",Gervinho 73'
22,Thu Jun/19 2014 19:00,Group C,Japan,Greece,0-0,,"Estádio das Dunas, Natal (UTC-3)",,
37,Tue Jun/24 2014 16:00,Group C,Japan,Colombia,1-4,,"Arena Pantanal, Cuiabá (UTC-4)",Shinji Okazaki 45+1',"Juan Cuadrado 17' (pen.) Jackson Martínez 55', 82' James Rodríguez 90'"
38,Tue Jun/24 2014 17:00,Group C,Error Error,Error Error,2-1,,"Estádio Castelão, Fortaleza (UTC-3)",Andreas Samaris 42' Georgios Samaras 90+3' (pen.),Wilfried Bony 74'
7,Sat Jun/14 2014 16:00,Group D,Uruguay,Costa Rica,1-3,,"Estádio Castelão, Fortaleza (UTC-3)",Edinson Cavani 24' (pen.),Joel Campbell 54' Oscar Duarte 57' Marcos Ureña 84'
8,Sat Jun/14 2014 18:00,Group D,England,Italy,1-2,,"Arena Amazônia, Manaus (UTC-4)",Daniel Sturridge 37',Claudio Marchisio 35' Mario Balotelli 50'
23,Thu Jun/19 2014 16:00,Group D,Uruguay,England,2-1,,"Arena de São Paulo, São Paulo (UTC-3)","Luis Suárez 39', 85'",Wayne Rooney 75'
24,Fri Jun/20 2014 13:00,Group D,Italy,Costa Rica,0-1,,"Arena Pernambuco, Recife (UTC-3)",-,Bryan Ruiz 44'
39,Tue Jun/24 2014 13:00,Group D,Italy,Uruguay,0-1,,"Estádio das Dunas, Natal (UTC-3)",-,Diego Godín 81'
40,Tue Jun/24 2014 13:00,Group D,Costa Rica,England,0-0,,"Estádio Mineirão, Belo Horizonte (UTC-3)",,
9,Sun Jun/15 2014 13:00,Group E,Switzerland,Ecuador,2-1,,"Estádio Nacional Mané Garrincha, Brasília (UTC-3)",Admir Mehmedi 48' Haris Seferović 90+3',Enner Valencia 22'
10,Sun Jun/15 2014 16:00,Group E,France,Honduras,3-0,,"Estádio Beira-Rio, Porto Alegre (UTC-3)","Noel Valladares 48' (o.g.) Karim Benzema 45' (pen.), 72'",
25,Fri Jun/20 2014 16:00,Group E,Switzerland,France,2-5,,"Arena Fonte Nova, Salvador (UTC-3)",Blerim Džemaili 81' Granit Xhaka 87',Olivier Giroud 17' Blaise Matuidi 18' Mathieu Valbuena 40' Karim Benzema 67' Moussa Sissoko 73'
26,Fri Jun/20 2014 19:00,Group E,Honduras,Ecuador,1-2,,"Arena da Baixada, Curitiba (UTC-3)",Carlo Costly 31',"Enner Valencia 34', 65'"
41,Wed Jun/25 2014 16:00,Group E,Honduras,Switzerland,0-3,,"Arena Amazônia, Manaus (UTC-4)",-,"Xherdan Shaqiri 6', 31', 71'"
42,Wed Jun/25 2014 17:00,Group E,Ecuador,France,0-0,,"Estádio do Maracanã, Rio de Janeiro (UTC-3)",,
11,Sun Jun/15 2014 19:00,Group F,Error Error,Error Error,2-1,,"Estádio do Maracanã, Rio de Janeiro (UTC-3)",Sead Kolašinac 3' (o.g.) Lionel Messi 65',Vedad Ibišević 85'
12,Mon Jun/16 2014 16:00,Group F,Iran,Nigeria,0-0,,"Arena da Baixada, Curitiba (UTC-3)",,
27,Sat Jun/21 2014 13:00,Group F,Argentina,Iran,1-0,,"Estádio Mineirão, Belo Horizonte (UTC-3)",Lionel Messi 90',
28,Sat Jun/21 2014 18:00,Group F,Error Error,Error Error,1-0,,"Arena Pantanal, Cuiabá (UTC-4)",Peter Odemwingie 29',
43,Wed Jun/25 2014 13:00,Group F,Nigeria,Argentina,2-3,,"Estádio Beira-Rio, Porto Alegre (UTC-3)","Ahmed Musa 4', 47'","Lionel Messi 3', 45+1' Marcos Rojo 50'"
44,Wed Jun/25 2014 13:00,Group F,Error Error,Error Error,3-1,,"Arena Fonte Nova, Salvador (UTC-3)",Edin Džeko 23' Miralem Pjanić 59' Avdija Vršajević 83',Reza Ghoochannejhad 82'
13,Mon Jun/16 2014 13:00,Group G,Germany,Portugal,4-0,,"Arena Fonte Nova, Salvador (UTC-3)","Thomas Müller 12' (pen.), 45+1', 78', Mats Hummels 32'",
14,Mon Jun/16 2014 19:00,Group G,Ghana,United States,1-2,,"Estádio das Dunas, Natal (UTC-3)",André Ayew 82',"Clint Dempsey 1', John Brooks 86'"
29,Sat Jun/21 2014 16:00,Group G,Germany,Ghana,2-2,,"Estádio Castelão, Fortaleza (UTC-3)",Mario Götze 51' Miroslav Klose 71',André Ayew  54' Asamoah Gyan 63'
30,Sun Jun/22 2014 18:00,Group G,United States,Portugal,2-2,,"Arena Amazônia, Manaus (UTC-4)","Jermaine Jones 64', Clint Dempsey 81'","Nani 5', Varela 90+5'"
45,Thu Jun/26 2014 13:00,Group G,United States,Germany,0-1,,"Arena Pernambuco, Recife (UTC-3)",-,Thomas Müller 55'
46,Thu Jun/26 2014 13:00,Group G,Portugal,Ghana,2-1,,"Estádio Nacional Mané Garrincha, Brasília (UTC-3)",John Boye 31' (o.g.) Cristiano Ronaldo 80',Asamoah Gyan 57'
15,Tue Jun/17 2014 13:00,Group H,Belgium,Algeria,2-1,,"Estádio Mineirão, Belo Horizonte (UTC-3)",Marouane Fellaini 70' Dries Mertens 80',Sofiane Feghouli 25' (pen.)
16,Tue Jun/17 2014 18:00,Group H,Russia,South Korea,1-1,,"Arena Pantanal, Cuiabá (UTC-4)",Alexander Kerzhakov 74',Lee Keunho 68'
31,Sun Jun/22 2014 13:00,Group H,Belgium,Russia,1-0,,"Estádio do Maracanã, Rio de Janeiro (UTC-3)",Divock Origi 88',
32,Sun Jun/22 2014 16:00,Group H,South Korea,Algeria,2-4,,"Estádio Beira-Rio, Porto Alegre (UTC-3)",Son Heung Min 50' Koo Jacheol 72',Islam Slimani 26' Rafik Halliche 28' Abdelmoumene Djabou 38' Yacine Brahimi 62'
47,Thu Jun/26 2014 17:00,Group H,South Korea,Belgium,0-1,,"Arena de São Paulo, São Paulo (UTC-3)",-,Jan Vertonghen 78'
48,Thu Jun/26 2014 17:00,Group H,Algeria,Russia,1-1,,"Arena da Baixada, Curitiba (UTC-3)",Islam Slimani 60',Alexander Kokorin 6'
49,Sat Jun/30 2018 21:00,Round of 16,Uruguay,Portugal,2-1 (1-0),(1-0),"Fisht Stadium, Sochi (UTC+3)","Edinson Cavani 7', 62'",Pepe 55'
50,Sat Jun/30 2018 17:00,Round of 16,France,Argentina,4-3 (1-1),(1-1),"Kazan Arena, Kazan (UTC+3)","Antoine Griezmann 13' (pen.) Benjamin Pavard 57' Kylian Mbappé 64', 68'",Ángel Di María 41' Gabriel Mercado 48' Sergio Agüero 90+3'
51,Sun Jul/1 2018 17:00,Round of 16,Spain,Russia,"3-4 pen. 1-1 a.e.t. (1-1, 1-1)","(1-1, 1-1)","Luzhniki Stadium, Moscow (UTC+3)",Sergei Ignashevich 12' (o.g.),Artem Dzyuba 41' (pen.)
52,Sun Jul/1 2018 21:00,Round of 16,Croatia,Denmark,"3-2 pen. 1-1 a.e.t. (1-1, 1-1)","(1-1, 1-1)","Nizhny Novgorod Stadium, Nizhny Novgorod (UTC+3)",Mario Mandžukić 4',Mathias Jørgensen 1'
53,Mon Jul/2 2018 18:00,Round of 16,Brazil,Mexico,2-0 (0-0),(0-0),"Samara Arena, Samara (UTC+4)",Neymar 51' Roberto Firmino 88',
54,Mon Jul/2 2018 21:00,Round of 16,Belgium,Japan,3-2 (0-0),(0-0),"Rostov Arena, Rostov-on-Don (UTC+3)",Jan Vertonghen 69' Marouane Fellaini 74' Nacer Chadli 90+4',Genki Haraguchi 48' Takashi Inui 52'
55,Tue Jul/3 2018 17:00,Round of 16,Sweden,Switzerland,1-0 (0-0),(0-0),"Saint Petersburg Stadium, Saint Petersburg (UTC+3)",Emil Forsberg 66',
56,Tue Jul/3 2018 21:00,Round of 16,Colombia,England,"3-4 pen. 1-1 a.e.t. (1-1, 0-0)","(1-1, 0-0)","Spartak Stadium, Moscow (UTC+3)",Yerry Mina 90+3',Harry Kane 57' (pen.)
57,Fri Jul/6 2018 17:00,Quarter finals,Uruguay,France,0-2 (0-1),(0-1),"Nizhny Novgorod Stadium, Nizhny Novgorod (UTC+3)",-,Raphaël Varane 40' Antoine Griezmann 61'
58,Fri Jul/6 2018 21:00,Quarter finals,Brazil,Belgium,1-2 (0-2),(0-2),"Kazan Arena, Kazan (UTC+3)",Renato Augusto 76',Fernandinho 13' (o.g.) Kevin De Bruyne 31'
59,Sat Jul/7 2018 21:00,Quarter finals,Russia,Croatia,"3-4 pen. 2-2 a.e.t. (1-1, 1-1)","(1-1, 1-1)","Fisht Stadium, Sochi (UTC+3)",Denis Cheryshev 31' Mário Figueira Fernandes 115',Andrej Kramarić 39' Domagoj Vida 100'
60,Sat Jul/7 2018 18:00,Quarter finals,Sweden,England,0-2 (0-1),(0-1),"Samara Arena, Samara (UTC+4)",-,Harry Maguire 30' Dele Alli 58'
61,Tue Jul/10 2018 21:00,Semi finals,France,Belgium,1-0 (0-0),(0-0),"Saint Petersburg Stadium, St. Petersburg (UTC+3)",Samuel Umtiti 51',
62,Wed Jul/11 2018 21:00,Semi finals,Croatia,England,"2-1 a.e.t. (1-1, 0-1)","(1-1, 0-1)","Luzhniki Stadium, Moscow (UTC+3)",Ivan Perišić 68' Mario Mandžukić 109',Kieran Trippier 5'
63,Sat Jul/14 2018 17:00,Semi finals,Belgium,England,2-0 (1-0),(1-0),"Saint Petersburg Stadium, St. Petersburg (UTC+3)",Thomas Meunier 4' Eden Hazard 82',
64,Sun Jul/15 2018 18:00,Final,France,Croatia,4-2 (2-1),(2-1),"Luzhniki Stadium, Moscow (UTC+3)",Mandžukić 18' (o.g.) Griezmann 38' (pen.) Pogba 59' Mbappé 65',Perišić 28' Mandžukić 69'
1,Thu Jun/14 2018 18:00,Group A,Russia,Saudi Arabia,5-0 (2-0),(2-0),"Luzhniki Stadium, Moscow (UTC+3)","Gazinsky 12' Cheryshev 43', 90+1' Dzyuba 71' Golovin 90+4'",
2,Fri Jun/15 2018 17:00,Group A,Egypt,Uruguay,0-1 (0-0),(0-0),"Ekaterinburg Arena, Ekaterinburg (UTC+5)",-,Giménez 89'
17,Tue Jun/19 2018 21:00,Group A,Russia,Egypt,3-1 (0-0),(0-0),"Saint Petersburg Stadium, Saint Petersburg (UTC+3)",A. Fathi 47' (o.g.) Cheryshev 59' Dzyuba 62',M. Salah 73' (pen.)
18,Wed Jun/20 2018 18:00,Group A,Uruguay,Saudi Arabia,1-0 (1-0),(1-0),"Rostov Arena, Rostov-on-Don (UTC+3)",L. Suárez 23',
33,Mon Jun/25 2018 18:00,Group A,Uruguay,Russia,3-0 (2-0),(2-0),"Samara Arena, Samara (UTC+4)",L. Suárez 10' Cheryshev 23' (o.g.) E. Cavani 90',
34,Mon Jun/25 2018 17:00,Group A,Saudi Arabia,Egypt,2-1 (1-1),(1-1),"Volgograd Arena, Volgograd (UTC+3)",Salman Al-Faraj 45+6' (pen.) Salem Al-Dawsari 90+5',M. Salah 22'
4,Fri Jun/15 2018 18:00,Group B,Morocco,Iran,0-1 (0-0),(0-0),"Saint Petersburg Stadium, Saint Petersburg (UTC+3)",-,Bouhaddouz 90+5' (o.g.)
3,Fri Jun/15 2018 21:00,Group B,Portugal,Spain,3-3 (2-1),(2-1),"Fisht Stadium, Sochi (UTC+3)","Ronaldo 4' (pen.), 44', 88'","Costa 24', 55' Nacho 58'"
19,Wed Jun/20 2018 15:00,Group B,Portugal,Morocco,1-0 (1-0),(1-0),"Luzhniki Stadium, Moscow (UTC+3)",Ronaldo 4',
20,Wed Jun/20 2018 21:00,Group B,Iran,Spain,0-1 (0-0),(0-0),"Kazan Arena, Kazan (UTC+3)",-,Diego Costa 54'
35,Mon Jun/25 2018 21:00,Group B,Iran,Portugal,1-1 (0-1),(0-1),"Mordovia Arena, Saransk (UTC+3)",Karim Ansarifard 90+3' (pen.),Quaresma 45'
36,Mon Jun/25 2018 20:00,Group B,Spain,Morocco,2-2 (1-1),(1-1),"Kaliningrad Stadium, Kaliningrad (UTC+2)",Isco 19' Iago Aspas 90+1',Boutaib 14' En-Nesyri 81'
5,Sat Jun/16 2018 13:00,Group C,France,Australia,2-1 (0-0),(0-0),"Kazan Arena, Kazan (UTC+3)",Griezmann 58' (pen.) Behich 81' (o.g.),Jedinak 62' (pen.)
6,Sat Jun/16 2018 19:00,Group C,Peru,Denmark,0-1 (0-0),(0-0),"Mordovia Arena, Saransk (UTC+3)",-,Poulsen 59'
22,Thu Jun/21 2018 16:00,Group C,Denmark,Australia,1-1 (1-1),(1-1),"Samara Arena, Samara (UTC+4)",Eriksen 7',Jedinak 38' (pen.)
21,Thu Jun/21 2018 20:00,Group C,France,Peru,1-0 (1-0),(1-0),"Ekaterinburg Arena, Ekaterinburg (UTC+5)",Mbappé 34',
37,Tue Jun/26 2018 17:00,Group C,Denmark,France,0-0 (0-0),(0-0),"Luzhniki Stadium, Moscow (UTC+3)",,
38,Tue Jun/26 2018 17:00,Group C,Australia,Peru,0-2 (0-1),(0-1),"Fisht Stadium, Sochi (UTC+3)",-,Carrillo 18' Guerrero 50'
7,Sat Jun/16 2018 16:00,Group D,Argentina,Iceland,1-1 (1-1),(1-1),"Spartak Stadium, Moscow (UTC+3)",Agüero 19',Finnbogason 23'
8,Sat Jun/16 2018 21:00,Group D,Croatia,Nigeria,2-0 (1-0),(1-0),"Kaliningrad Stadium, Kaliningrad (UTC+2)",Etebo 32' (o.g.) Modrić 71' (pen.),
23,Thu Jun/21 2018 21:00,Group D,Argentina,Croatia,0-3 (0-0),(0-0),"Nizhny Novgorod Stadium, Nizhny Novgorod (UTC+3)",-,Rebić 53' Modrić 80' Rakitić 90+1'
24,Fri Jun/22 2018 18:00,Group D,Nigeria,Iceland,2-0 (0-0),(0-0),"Volgograd Arena, Volgograd (UTC+3)","Musa 49', 75'",
39,Tue Jun/26 2018 21:00,Group D,Nigeria,Argentina,1-2 (0-1),(0-1),"Saint Petersburg Stadium, Saint Petersburg (UTC+3)",Moses 51' (pen.),Messi 14' Marcos Rojo 86'
40,Tue Jun/26 2018 21:00,Group D,Iceland,Croatia,1-2 (0-0),(0-0),"Rostov Arena, Rostov-on-Don (UTC+3)",G. Sigurðsson 76' (pen.),Badelj 53' Perišić 90'
10,Sun Jun/17 2018 16:00,Group E,Costa Rica,Serbia,0-1 (0-0),(0-0),"Samara Arena, Samara (UTC+4)",-,Kolarov 56'
9,Sun Jun/17 2018 21:00,Group E,Brazil,Switzerland,1-1 (1-0),(1-0),"Rostov Arena, Rostov-on-Don (UTC+3)",Coutinho 20',Zuber 50'
25,Fri Jun/22 2018 15:00,Group E,Brazil,Costa Rica,2-0 (0-0),(0-0),"Saint Petersburg Stadium, Saint Petersburg (UTC+3)",P. Coutinho 90+1 Neymar Jr 90+7',
26,Fri Jun/22 2018 20:00,Group E,Serbia,Switzerland,1-2 (1-0),(1-0),"Kaliningrad Stadium, Kaliningrad (UTC+2)",Mitrović 5',Xhaka 52' Shaqiri 90'
41,Wed Jun/27 2018 21:00,Group E,Serbia,Brazil,0-2 (0-1),(0-1),"Spartak Stadium, Moscow (UTC+3)",-,Paulinho 36' Thiago Silva 68'
42,Wed Jun/27 2018 21:00,Group E,Switzerland,Costa Rica,2-2 (1-0),(1-0),"Nizhny Novgorod Stadium, Nizhny Novgorod (UTC+3)",Džemaili 31' Drmić 88',Waston 56' Sommer 90+3' (o.g.)
11,Sun Jun/17 2018 18:00,Group F,Germany,Mexico,0-1 (0-1),(0-1),"Luzhniki Stadium, Moscow (UTC+3)",-,Lozano 35'
12,Mon Jun/18 2018 15:00,Group F,Sweden,South Korea,1-0 (0-0),(0-0),"Nizhny Novgorod Stadium, Nizhny Novgorod (UTC+3)",Granqvist 65' (pen.),
28,Sat Jun/23 2018 18:00,Group F,South Korea,Mexico,1-2 (0-1),(0-1),"Rostov Arena, Rostov-on-Don (UTC+3)",Son Heung-min 90+3',Carlos V. 26' (pen.) J. Hernández 66'
27,Sat Jun/23 2018 21:00,Group F,Germany,Sweden,2-1 (0-1),(0-1),"Fisht Stadium, Sochi (UTC+3)",Reus 48' Kroos 90+5',Toivonen 32'
43,Wed Jun/27 2018 17:00,Group F,South Korea,Germany,2-0 (0-0),(0-0),"Kazan Arena, Kazan (UTC+3)",Kim Young-gwon 90+2' Son Heung-min 90+6',
44,Wed Jun/27 2018 19:00,Group F,Mexico,Sweden,0-3 (0-0),(0-0),"Ekaterinburg Arena, Ekaterinburg (UTC+5)",-,Augustinsson 50' Granqvist 62' (pen.) Álvarez 74' (o.g.)
13,Mon Jun/18 2018 18:00,Group G,Belgium,Panama,3-0 (0-0),(0-0),"Fisht Stadium, Sochi (UTC+3)","Mertens 47' Lukaku 69', 75'",
14,Mon Jun/18 2018 21:00,Group G,Tunisia,England,1-2 (1-1),(1-1),"Volgograd Arena, Volgograd (UTC+3)",Sassi 35' (pen.),"Kane 11', 90+1'"
29,Sat Jun/23 2018 15:00,Group G,Belgium,Tunisia,5-2 (3-1),(3-1),"Spartak Stadium, Moscow (UTC+3)","E. Hazard 6' (pen.), 51' R. Lukaku 16', 45+3', Batshuayi 90'",Bronn 18' Khazri 90+3'
30,Sun Jun/24 2018 15:00,Group G,England,Panama,6-1 (5-0),(5-0),"Nizhny Novgorod Stadium, Nizhny Novgorod (UTC+3)","Stones 8', 40' Kane 22' (pen.), 45+1' (pen.), 62' Lingard 36'",Baloy 78'
45,Thu Jun/28 2018 20:00,Group G,England,Belgium,0-1 (0-0),(0-0),"Kaliningrad Stadium, Kaliningrad (UTC+2)",-,Adnan Januzaj 51'
46,Thu Jun/28 2018 21:00,Group G,Panama,Tunisia,1-2 (1-0),(1-0),"Mordovia Arena, Saransk (UTC+3)",Yassine Meriah 33' (o.g.),Fakhereedine Ben Youssef 51' Wahbi Khazri 66'
16,Tue Jun/19 2018 15:00,Group H,Colombia,Japan,1-2 (1-1),(1-1),"Mordovia Arena, Saransk (UTC+3)",J. Quintero 39',Kagawa 6' (pen.) Osako 73'
15,Tue Jun/19 2018 18:00,Group H,Poland,Senegal,1-2 (0-1),(0-1),"Spartak Stadium, Moscow (UTC+3)",Krychowiak 86',Cionek 37' (o.g.) Niang 60'
32,Sun Jun/24 2018 20:00,Group H,Japan,Senegal,2-2 (1-1),(1-1),"Ekaterinburg Arena, Ekaterinburg (UTC+5)",Inui 34' Honda 78',Mané 11' M. Wagué 71'
31,Sun Jun/24 2018 21:00,Group H,Poland,Colombia,0-3 (0-1),(0-1),"Kazan Arena, Kazan (UTC+3)",-,Y. Mina 40' Falcao 70' Cuadrado 75'
47,Thu Jun/28 2018 17:00,Group H,Japan,Poland,0-1 (0-1),(0-1),"Volgograd Arena, Volgograd (UTC+3)",-,Bednarek 59'
48,Thu Jun/28 2018 18:00,Group H,Senegal,Colombia,0-1 (0-1),(0-1),"Samara Arena, Samara (UTC+4)",-,Y. Mina 74'
49,Sat Dec/3 2022 18:00,Round of 16,Netherlands,United States,3-1 (2-0),(2-0),"Khalifa International Stadium, Al Rayyan",Memphis Depay 10' Daley Blind 45+1' Denzel Dumfries 81',Haji Wright 76'
50,Sat Dec/3 2022 22:00,Round of 16,Argentina,Australia,2-1 (1-0),(1-0),"Ahmad bin Ali Stadium, Al Rayyan",Lionel Messi 35' Julián Álvarez 57',Enzo Fernández 77'(o.g.)
52,Sun Dec/4 2022 18:00,Round of 16,France,Poland,3-1 (1-0),(1-0),"Al Thumama Stadium, Doha","Olivier Giroud 44' Mbappé 74', 90+1'",Robert Lewandowski 90+9'(pen.)
51,Sun Dec/4 2022 22:00,Round of 16,England,Senegal,3-0 (2-0),(2-0),"Al Bayt Stadium, Al Khor",Jordan Henderson 38' Harry Kane 45+3' Bukayo Saka 57',
53,Mon Dec/5 2022 18:00,Round of 16,Japan,Croatia,"1-3 pen. 1-1 a.e.t (1-1, 1-0)","(1-1, 1-0)","Al Janoub Stadium, Al Wakrah",Daizen Maeda 43',Ivan Perišić 55'
54,Mon Dec/5 2022 22:00,Round of 16,Brazil,South Korea,4-1 (4-0),(4-0),"Stadium 974, Doha",Vinícius Jr. 7' Neymar 13'(pen.) Richarlison 29' Lucas Paquetá 36',Paik Seung-ho 76'
55,Tue Dec/6 2022 18:00,Round of 16,Morocco,Spain,"3-0 pen. 0-0 a.e.t. (0-0, 0-0)","(0-0, 0-0)","Education City Stadium, Al Rayyan",,
56,Tue Dec/6 2022 22:00,Round of 16,Portugal,Switzerland,6-1 (2-0),(2-0),"Lusail Iconic Stadium, Lusail","Gonçalo Ramos 17', 51', 67' Pepe 33' Raphaël Guerreiro 55' Rafael Leão 90+2'",Manuel Akanji 58'
58,Fri Dec/9 2022 18:00,Quarter finals,Croatia,Brazil,"4-2 pen. 1-1 a.e.t. (0-0, 0-0)","(0-0, 0-0)","Education City Stadium, Al Rayyan",Bruno Petković 117',Neymar 105+1'
57,Fri Dec/9 2022 22:00,Quarter finals,Netherlands,Argentina,"3-4 pen. 2-2 a.e.t. (2-2, 1-0)","(2-2, 1-0)","Lusail Iconic Stadium, Lusail","Wout Werghost 83', 90+11'",Nahuel Molina 35' Lionel Messi 73'(pen.)
60,Sat Dec/10 2022 18:00,Quarter finals,Morocco,Portugal,1-0 (1-0),(1-0),"Al Thumama Stadium, Doha",Youssef En-Nesyri 42',
59,Sat Dec/10 2022 22:00,Quarter finals,England,France,1-2 (0-1),(0-1),"Al Bayt Stadium, Al Khor",Harry Kane 54'(pen.),Aurelién Tchouaméni 17' Olivier Giroud 78'
61,Tue Dec/13 2022 22:00,Semi finals,Argentina,Croatia,3-0 (2-0),(2-0),"Lusail Iconic Stadium, Lusail","Lionel Messi 34'(pen.) Julián Álvarez 39', 69'",
62,Wed Dec/14 2022 22:00,Semi finals,France,Morocco,2-0 (1-0),(1-0),"Al Bayt Stadium, Al Khor",Théo Hernandez 5' Kolo Muani 79',
63,Sat Dec/17 2022 18:00,Semi finals,Croatia,Morocco,2-1 (2-1),(2-1),"Khalifa International Stadium, Al Rayyan",Joško Gvardiol 7' Mislav Oršić 42',Achraf Dari 9'
64,Sun Dec/18 2022 18:00,Final,Argentina,France,"4-2 pen. 3-3 a.e.t. (2-2, 2-0)","(2-2, 2-0)","Lusail Iconic Stadium, Lusail","Lionel Messi 23'(pen.), 108' Ángel Di María 36'","Kylian Mbappé 80' (pen.), 81', 118' (pen.)"
1,Sun Nov/20 2022 19:00,Group A,Qatar,Ecuador,0-2 (0-2),(0-2),"Al Bayt Stadium, Al Khor",-,"Enner Valencia 16' (pen.), 31'"
2,Mon Nov/21 2022 19:00,Group A,Senegal,Netherlands,0-2 (0-0),(0-0),"Al Thumama Stadium, Doha",-,Cody Gakpo 84' Davy Klaassen 90+9'
18,Fri Nov/25 2022 16:00,Group A,Qatar,Senegal,1-3 (0-1),(0-1),"Al Thumama Stadium, Doha",Mohammed Muntari 78',Boulaye Dia 41' Famara Diédhiou 48' Bamba Dieng 84'
19,Fri Nov/25 2022 19:00,Group A,Netherlands,Ecuador,1-1 (1-0),(1-0),"Khalifa International Stadium, Al Rayyan",Cody Gakpo 6',Enner Valencia 49'
35,Tue Nov/29 2022 18:00,Group A,Ecuador,Senegal,1-2 (0-1),(0-1),"Khalifa International Stadium, Al Rayyan",Moisés Caicedo 67',Ismaila Sarr 44'(pen.)  Koulibaly 70'
36,Tue Nov/29 2022 18:00,Group A,Netherlands,Qatar,2-0 (1-0),(1-0),"Al Bayt Stadium, Al Khor",Cody Gakpo 26'  Frenkie de Jong 49',
3,Mon Nov/21 2022 16:00,Group B,England,Iran,6-2 (3-0),(3-0),"Khalifa International Stadium, Al Rayyan","Jude Bellingham 35' Bukayo Saka 43', 62' Raheem Sterling 45+1' Marcus Rashford 71' Jack Grealish 90'","Mehdi Taremi 65', 90+13' (pen.)"
4,Mon Nov/21 2022 22:00,Group B,United States,Wales,1-1 (1-0),(1-0),"Ahmad bin Ali Stadium, Al Rayyan",Timothy Weah 36',Gareth Bale 82' (pen.)
17,Fri Nov/25 2022 13:00,Group B,Wales,Iran,0-2 (0-0),(0-0),"Ahmad bin Ali Stadium, Al Rayyan",-,Roozbeh Cheshmi 90+8'  Ramin Rezaeian 90+11'
20,Fri Nov/25 2022 22:00,Group B,England,United States,0-0,,"Al Bayt Stadium, Al Khor",,
33,Tue Nov/29 2022 22:00,Group B,Wales,England,0-3 (0-0),(0-0),"Ahmad bin Ali Stadium, Al Rayyan",-,Rashford 50'  Foden 51'  Rashford 68'
34,Tue Nov/29 2022 22:00,Group B,Iran,United States,0-1 (0-1),(0-1),"Al Thumama Stadium, Doha",-,Pulisic 38'
8,Tue Nov/22 2022 13:00,Group C,Argentina,Saudi Arabia,1-2 (1-0),(1-0),"Lusail Iconic Stadium, Lusail",Lionel Messi 10'(pen.),Saleh Al Shehri 48'  Salem Al Dawsari 53'
7,Tue Nov/22 2022 19:00,Group C,Mexico,Poland,0-0,,"Stadium 974, Doha",,
22,Sat Nov/26 2022 16:00,Group C,Poland,Saudi Arabia,2-0 (1-0),(1-0),"Education City Stadium, Al Rayyan",Piotr Zielinski 39' Robert Lewandowski 82',
24,Sat Nov/26 2022 22:00,Group C,Argentina,Mexico,2-0 (0-0),(0-0),"Lusail Iconic Stadium, Lusail",Lionel Messi 64' Enzo Fernández 87',
39,Wed Nov/30 2022 22:00,Group C,Poland,Argentina,0-2 (0-0),(0-0),"Stadium 974, Doha",-,Mac Allister 46'  Julián Álvarez 67'
40,Wed Nov/30 2022 22:00,Group C,Saudi Arabia,Mexico,1-2 (0-0),(0-0),"Lusail Iconic Stadium, Lusail",Salem Al Dawasari 90+5',Henry Martín 47'  Luis Chávez 52'
6,Tue Nov/22 2022 16:00,Group D,Denmark,Tunisia,0-0,,"Education City Stadium, Al Rayyan",,
5,Tue Nov/22 2022 22:00,Group D,France,Australia,4-1 (2-1),(2-1),"Al Janoub Stadium, Al Wakrah","Adrien Rabiot 27' Olivier Giroud 32', 71' Kylian Mbappé 68'",Craig Goodwin 9'
21,Sat Nov/26 2022 13:00,Group D,Tunisia,Australia,0-1 (0-1),(0-1),"Al Janoub Stadium, Al Wakrah",-,Mitchell Duke 23'
23,Sat Nov/26 2022 19:00,Group D,France,Denmark,2-1 (0-0),(0-0),"Stadium 974, Doha",Kylian Mbappé 61' 86',Andreas Christensen 68'
37,Wed Nov/30 2022 18:00,Group D,Australia,Denmark,1-0 (0-0),(0-0),"Al Janoub Stadium, Al Wakrah",Mathew Leckie 60',
38,Wed Nov/30 2022 18:00,Group D,Tunisia,France,1-0 (0-0),(0-0),"Education City Stadium, Al Rayyan",Wahbi Khazri 58',
11,Wed Nov/23 2022 16:00,Group E,Germany,Japan,1-2 (1-0),(1-0),"Khalifa International Stadium, Al Rayyan",Ilkay Gündogan 33'(pen.),Ritsu Doan 75' Takuma Asano 83'
10,Wed Nov/23 2022 19:00,Group E,Spain,Costa Rica,7-0 (3-0),(3-0),"Al Thumama Stadium, Doha","Dani Olmo 11' Marco Asensio 21' Ferran Torres 31'(pen.), 54' Gavi 74' Carlos Soler 90' Álvaro Morata 90+2'",
25,Sun Nov/27 2022 13:00,Group E,Japan,Costa Rica,0-1 (0-0),(0-0),"Ahmad bin Ali Stadium, Al Rayyan",-,Keysher Fuller 81'
28,Sun Nov/27 2022 22:00,Group E,Spain,Germany,1-1 (0-0),(0-0),"Al Bayt Stadium, Al Khor",Álvaro Morata 62',Niclas Füllkrug 83'
43,Thu Dec/1 2022 22:00,Group E,Japan,Spain,2-1 (0-0),(0-0),"Khalifa International Stadium, Al Rayyan",Ritsu Dōan 48'  Ao Tanaka 51',Álvaro Morata 11'
44,Thu Dec/1 2022 22:00,Group E,Costa Rica,Germany,2-4 (0-1),(0-1),"Al Bayt Stadium, Al Khor",Yeltsin Tejeda 58'  Juan Vargas 70',"Serge Gnabry 10'  Kai Lukas Havertz 73', 85'  Niclas Füllkrug 89'"
12,Wed Nov/23 2022 13:00,Group F,Morocco,Croatia,0-0,,"Al Bayt Stadium, Al Khor",,
9,Wed Nov/23 2022 22:00,Group F,Belgium,Canada,1-0 (1-0),(1-0),"Ahmad bin Ali Stadium, Al Rayyan",Michy Batshuayi 44',
26,Sun Nov/27 2022 16:00,Group F,Belgium,Morocco,0-2 (0-0),(0-0),"Al Thumama Stadium, Doha",-,Romain Saïss 73' Zakaria Aboukhlal 90+2'
27,Sun Nov/27 2022 19:00,Group F,Croatia,Canada,4-1 (2-1),(2-1),"Khalifa International Stadium, Al Rayyan",Andrej Kramarić 36'  Marko Livaja 44'  Andrej Kramarić 70'  Lovro Majer  90+4',Alphonso Davies 2'
41,Thu Dec/1 2022 18:00,Group F,Croatia,Belgium,0-0,,"Ahmad bin Ali Stadium, Al Rayyan",,
42,Thu Dec/1 2022 18:00,Group F,Canada,Morocco,1-2 (1-2),(1-2),"Al Thumama Stadium, Doha",Nayef Aguerd 40'(o.g.),Hakim Zyiech 4'  Youssef En-Nesyri 23'
13,Thu Nov/24 2022 13:00,Group G,Switzerland,Cameroon,1-0 (0-0),(0-0),"Al Janoub Stadium, Al Wakrah",Breel Embolo 48',
16,Thu Nov/24 2022 22:00,Group G,Brazil,Serbia,2-0 (0-0),(0-0),"Lusail Iconic Stadium, Lusail","Richarlison 62', 73'",
29,Mon Nov/28 2022 13:00,Group G,Cameroon,Serbia,3-3 (1-2),(1-2),"Al Janoub Stadium, Al Wakrah",Jean-Charles Castelletto 29'  Vincent Aboubakar 63'  Jean-Eric Choupo-Moting 66',Strahinja Pavlović 45+1'  Sergej Milinković-Savić 45+3'  Aleksandar Mitrović 53'
31,Mon Nov/28 2022 19:00,Group G,Brazil,Switzerland,1-0 (0-0),(0-0),"Stadium 974, Doha",Casemiro 83',
47,Fri Dec/2 2022 22:00,Group G,Serbia,Switzerland,2-3 (2-1),(2-1),"Stadium 974, Doha",Aleksandar Mitrović 26' Dušan Vlahović 35',Xherdan Shaqiri 20' Breel Embolo 44' Freuler 48'
48,Fri Dec/2 2022 22:00,Group G,Cameroon,Brazil,1-0 (0-0),(0-0),"Lusail Iconic Stadium, Lusail",Vincent Aboubakar 90+2',
14,Thu Nov/24 2022 16:00,Group H,Uruguay,South Korea,0-0,,"Education City Stadium, Al Rayyan",,
15,Thu Nov/24 2022 19:00,Group H,Portugal,Ghana,3-2 (0-0),(0-0),"Stadium 974, Doha",Cristiano Ronaldo 65'(pen.) João Félix 78' Rafael Leão 80',André Ayew 73' Osman Bukari 89'
30,Mon Nov/28 2022 16:00,Group H,South Korea,Ghana,2-3 (0-2),(0-2),"Education City Stadium, Al Rayyan","Cho Gue-sung 58', 61'","Mohammed Salisu 24' Mohammed Kudus 34', 68'"
32,Mon Nov/28 2022 22:00,Group H,Portugal,Uruguay,2-0 (0-0),(0-0),"Lusail Iconic Stadium, Lusail","Bruno Fernandes 54', 90+3'(pen.)",
45,Fri Dec/2 2022 18:00,Group H,Ghana,Uruguay,0-2,,"Al Janoub Stadium, Al Wakrah",-,"Giorgian De Arrascaeta 26', 32'"
46,Fri Dec/2 2022 18:00,Group H,South Korea,Portugal,2-1 (1-1),(1-1),"Lusail Iconic Stadium, Lusail",Kim Young-gwon 27' Hwang Hee-chan 90+1',Ricardo Horta 5'
